environment,shift,algorithm,mean,sd,median,n,se,ci95_half_width,ci95_lower,ci95_upper,winner_x,winner_y
Ant,0.1,BC_SAC,21.57166522343954,3.2327811839321337,20.135084056854247,3,1.8664470867743743,8.030673653144708,13.54099157029483,29.60233887658425,True,BC_SAC
Ant,0.1,RLPD,9.62846265633901,2.209504019035551,8.437320709228516,3,1.2756577401657354,5.488712258156549,4.1397503981824615,15.11717491449556,False,BC_SAC
Ant,0.1,BC_PAR,12.538716665903728,1.3255841304788265,13.177677154541016,3,0.7653263545654465,3.2929335287440624,9.245783137159666,15.83165019464779,False,BC_SAC
Ant,0.5,BC_SAC,14.56440149943034,2.6514426375322278,15.295787906646728,3,1.530811120520083,6.586548646684272,7.977852852746067,21.15095014611461,True,BC_SAC
Ant,0.5,RLPD,6.359780462582907,2.727604566286042,6.976768064498901,3,1.5747832305880989,6.77574536610838,-0.4159649035254729,13.135525828691286,False,BC_SAC
Ant,0.5,BC_PAR,9.61383196512858,2.3283139842630445,10.88985357284546,3,1.3442527055722389,5.783852573321011,3.82997939180757,15.397684538449592,False,BC_SAC
Ant,2.0,BC_SAC,5.919626951217651,2.0038075163696587,5.657187223434448,3,1.156898808980218,4.9777338186898366,0.9418931325278148,10.897360769907488,False,BC_PAR
Ant,2.0,RLPD,5.707724922026197,2.719833351550054,4.215426731109619,3,1.5702965176683457,6.756440598515876,-1.048715676489678,12.464165520542071,False,BC_PAR
Ant,2.0,BC_PAR,12.65546449025472,0.1745654335889132,12.752290630340577,3,0.1007854000737627,0.4336445767625754,12.221819913492146,13.089109067017295,True,BC_PAR
Ant,5.0,BC_SAC,7.0153294404347735,0.3198109422029387,7.13328537940979,3,0.1846429335706545,0.794454422186603,6.2208750182481705,7.809783862621376,False,BC_PAR
Ant,5.0,RLPD,5.983267136414845,1.508101726417042,6.600424432754517,3,0.8707029377122186,3.746332371889244,2.236934764525601,9.729599508304087,False,BC_PAR
Ant,5.0,BC_PAR,10.984070460001629,2.230006364325015,10.80316162109375,3,1.2874947747376262,5.539642907271349,5.444427552730278,16.523713367272975,True,BC_PAR
HalfCheetah,0.1,BC_SAC,0.7744242834548155,0.9746388810495086,1.2466409601271151,3,0.5627080203366095,2.421137199844282,-1.6467129163894665,3.1955614832990973,False,BC_PAR
HalfCheetah,0.1,RLPD,0.1799870952963829,0.4854851473241339,0.3494048565626144,3,0.2802949804951538,1.2060119630079011,-1.0260248677115182,1.385999058304284,False,BC_PAR
HalfCheetah,0.1,BC_PAR,1.2745987549424171,0.1735590107524632,1.2066497176885604,3,0.1002043415782197,0.4311444838404892,0.8434542711019279,1.7057432387829063,True,BC_PAR
HalfCheetah,0.5,BC_SAC,12.873095991214116,15.05849108798903,6.817682772874832,3,8.694023883240048,37.40736559513661,-24.534269603922496,50.280461586350725,True,BC_SAC
HalfCheetah,0.5,RLPD,4.381313507755597,4.5955635509845125,4.291435980796814,3,2.653249853238941,11.416012724175218,-7.034699216419621,15.797326231930814,False,BC_SAC
HalfCheetah,0.5,BC_PAR,8.17413082520167,2.274733262393763,7.037262749671936,3,1.3133178613776348,5.650750681497717,2.523380143703953,13.824881506699388,False,BC_SAC
HalfCheetah,2.0,BC_SAC,5.542462738355002,1.7578260996259003,4.896260404586792,3,1.0148813718075635,4.366682104943913,1.1757806334110883,9.909144843298916,True,BC_SAC
HalfCheetah,2.0,RLPD,1.464310236275196,1.9960677025000624,1.7257112547755242,3,1.152430225359129,4.958507055173722,-3.494196818898525,6.422817291448918,False,BC_SAC
HalfCheetah,2.0,BC_PAR,2.047455624739329,0.2245705075886272,2.0405083179473875,3,0.1296558430083448,0.5578640668688025,1.4895915578705266,2.605319691608132,False,BC_SAC
HalfCheetah,5.0,BC_SAC,1.8326263729482888,1.7646367104720384,0.9031109914183616,3,1.0188134798129271,4.3836006001874965,-2.550974227239208,6.216226973135785,False,RLPD
HalfCheetah,5.0,RLPD,3.2293080180883407,1.3275059248590872,3.798394051194191,3,0.7664359030682172,3.297707530638477,-0.0683995125501368,6.527015548726818,True,RLPD
HalfCheetah,5.0,BC_PAR,1.881629687547684,0.0427238603044439,1.902014946937561,3,0.0246666322475906,0.1061319525778135,1.7754977349698702,1.9877616401254967,False,RLPD
Hopper,0.1,BC_SAC,7.052503641446432,5.305184012619109,5.003201341629028,3,3.062949417786142,13.178807674017692,-6.1263040325712605,20.23131131546413,True,BC_SAC
Hopper,0.1,RLPD,2.979908593495687,1.2137839791173557,2.966120791435242,3,0.7007785070814605,3.0152065565571937,-0.0352979630615069,5.9951151500528805,False,BC_SAC
Hopper,0.1,BC_PAR,5.334788862864176,1.8380504596291265,4.290088510513305,3,1.0611989276509914,4.565970463036456,0.7688183998277207,9.900759325900632,False,BC_SAC
Hopper,0.5,BC_SAC,7.052503641446432,5.305184012619109,5.003201341629028,3,3.062949417786142,13.178807674017692,-6.1263040325712605,20.23131131546413,True,BC_SAC
Hopper,0.5,RLPD,2.979908593495687,1.2137839791173557,2.966120791435242,3,0.7007785070814605,3.0152065565571937,-0.0352979630615069,5.9951151500528805,False,BC_SAC
Hopper,0.5,BC_PAR,5.334788862864176,1.8380504596291265,4.290088510513305,3,1.0611989276509914,4.565970463036456,0.7688183998277207,9.900759325900632,False,BC_SAC
Hopper,2.0,BC_SAC,7.950935848553975,2.459936913052556,8.535503101348876,3,1.4202452389403903,6.110822054470361,1.8401137940836136,14.061757903024336,True,BC_SAC
Hopper,2.0,RLPD,5.116959889729817,1.5113154561656752,4.410315465927124,3,0.8725583854476947,3.7543157191534977,1.3626441705763197,8.871275608883316,False,BC_SAC
Hopper,2.0,BC_PAR,7.913345654805501,0.1640941817131661,7.94968581199646,3,0.0947398199845478,0.4076325450878176,7.505713109717683,8.320978199893318,False,BC_SAC
Hopper,5.0,BC_SAC,5.54772131840388,2.3245655534957743,4.624029517173767,3,1.342088548059717,5.774540955091799,-0.2268196366879191,11.32226227349568,True,BC_SAC
Hopper,5.0,RLPD,3.938493132591248,0.6246159318642888,4.068256187438965,3,0.3606221764019761,1.5516319917625077,2.38686114082874,5.490125124353755,False,BC_SAC
Hopper,5.0,BC_PAR,4.571500980854034,0.8959847026538267,4.257774019241333,3,0.5172970092669736,2.225749389097482,2.345751591756552,6.7972503699515165,False,BC_SAC
Walker2d,0.1,BC_SAC,5.897295083353917,4.66634768662319,3.9043057024478913,3,2.6941170930042864,11.59185026491552,-5.6945551815616025,17.48914534826944,False,BC_PAR
Walker2d,0.1,RLPD,4.988697818915049,0.935824977979885,4.568966722488403,3,0.5402988029510623,2.324718119485182,2.663979699429867,7.313415938400231,False,BC_PAR
Walker2d,0.1,BC_PAR,7.445898874104023,1.7272948501991423,7.895855668187141,3,0.9972541467323291,4.2908382768531945,3.155060597250829,11.736737150957218,True,BC_PAR
Walker2d,0.5,BC_SAC,9.179526842633884,5.149848772247126,7.963894367218018,3,2.973266574942742,12.792933545431335,-3.613406702797452,21.97246038806522,True,BC_SAC
Walker2d,0.5,RLPD,4.139218996961912,2.650028175889644,2.8835718065500258,3,1.529994480709979,6.583034929175974,-2.4438159322140622,10.722253926137885,False,BC_SAC
Walker2d,0.5,BC_PAR,7.367064276585975,1.921822238528407,7.01905632019043,3,1.109564586748985,4.774071098188395,2.59299317839758,12.141135374774372,False,BC_SAC
Walker2d,2.0,BC_SAC,4.37492429142197,1.249004827647225,4.8874301552772526,3,0.7211132734612675,3.102699994633378,1.272224296788592,7.477624286055349,True,BC_SAC
Walker2d,2.0,RLPD,3.15136899749438,1.4813105026941835,3.609890526533127,3,0.8552350174839067,3.679779282692848,-0.528410285198468,6.831148280187229,False,BC_SAC
Walker2d,2.0,BC_PAR,3.9926778003573418,1.807547401979628,5.030668240785599,3,1.0435879791059468,4.490196667202793,-0.4975188668454509,8.482874467560134,False,BC_SAC
Walker2d,5.0,BC_SAC,3.357552836338679,2.484024768582931,3.228032296895981,3,1.434152368815053,6.170659604790809,-2.8131067684521303,9.528212441129488,False,RLPD
Walker2d,5.0,RLPD,4.692265132069587,0.8013965132978192,4.902722808718681,3,0.4626864926801234,1.9907793008232064,2.701485831246381,6.683044432892793,True,RLPD
Walker2d,5.0,BC_PAR,3.392363509908319,1.368218358120957,3.777496095746756,3,0.7899412373713224,3.3988428214452107,-0.0064793115368915,6.79120633135353,False,RLPD
