environment,algorithm,seed,score_1000,score_2000,score_5000,auc,average_performance
hopper,BC_SAC,0,1.625934362411499,5.094831943511963,2.609589099884033,13505.754113197327,3.3764385282993317
hopper,BC_SAC,1,1.4405946731567383,5.15622615814209,20.97858238220215,23277.631998062134,5.8194079995155334
hopper,BC_SAC,2,1.2466015815734863,2.953458309173584,2.823261260986328,10456.49790763855,2.6141244769096375
hopper,RLPD,0,1.3492573499679565,2.2121310234069824,3.2846086025238037,10344.418585300446,2.5861046463251114
hopper,RLPD,1,7.712741851806641,2.3519504070281982,2.409503698348999,13402.621865272522,3.3506554663181305
hopper,RLPD,2,1.3035215139389038,3.3045854568481445,3.437025308609009,11043.855488300323,2.760963872075081
hopper,SAC_TARGET_ONLY,0,1.625934362411499,5.41818904876709,4.680522441864014,14633.781552314758,3.6584453880786896
hopper,SAC_TARGET_ONLY,1,1.4405946731567383,2.935006618499756,2.5338637828826904,13265.844941139221,3.3164612352848053
hopper,SAC_TARGET_ONLY,2,1.2466015815734863,0.9486138224601746,2.2176263332366943,7484.723627567291,1.8711809068918228
