Algorithm,Seed,Target_Interactions,Target_Return,Initial_Return,Improvement_From_Initial
Target-only SAC,0,0,26.336,26.336,0.0
Target-only SAC,0,100,26.6798,26.336,0.34380000000000166
Target-only SAC,0,200,150.3314,26.336,123.9954
Target-only SAC,0,300,76.0675,26.336,49.7315
Target-only SAC,0,400,68.9321,26.336,42.59610000000001
Target-only SAC,0,500,126.2788,26.336,99.9428
Target-only SAC,1,0,20.6006,20.6006,0.0
Target-only SAC,1,100,20.6365,20.6006,0.0359000000000016
Target-only SAC,1,200,69.3639,20.6006,48.7633
Target-only SAC,1,300,54.7659,20.6006,34.1653
Target-only SAC,1,400,164.6168,20.6006,144.01620000000003
Target-only SAC,1,500,56.2841,20.6006,35.6835
Target-only SAC,2,0,14.2691,14.2691,0.0
Target-only SAC,2,100,14.3111,14.2691,0.041999999999999815
Target-only SAC,2,200,4.5948,14.2691,-9.674299999999999
Target-only SAC,2,300,45.8442,14.2691,31.5751
Target-only SAC,2,400,58.1246,14.2691,43.8555
Target-only SAC,2,500,45.9727,14.2691,31.7036
BC-SAC,0,0,26.336,26.336,0.0
BC-SAC,0,100,26.6798,26.336,0.34380000000000166
BC-SAC,0,200,139.7879,26.336,113.45190000000001
BC-SAC,0,300,91.0532,26.336,64.7172
BC-SAC,0,400,61.4719,26.336,35.1359
BC-SAC,0,500,58.7532,26.336,32.4172
BC-SAC,1,0,20.6006,20.6006,0.0
BC-SAC,1,100,20.6365,20.6006,0.0359000000000016
BC-SAC,1,200,141.7898,20.6006,121.18920000000001
BC-SAC,1,300,63.2706,20.6006,42.67
BC-SAC,1,400,109.4266,20.6006,88.826
BC-SAC,1,500,657.6992,20.6006,637.0986
BC-SAC,2,0,14.2691,14.2691,0.0
BC-SAC,2,100,14.3111,14.2691,0.041999999999999815
BC-SAC,2,200,69.9655,14.2691,55.696400000000004
BC-SAC,2,300,37.388,14.2691,23.118899999999996
BC-SAC,2,400,88.2351,14.2691,73.96600000000001
BC-SAC,2,500,65.7203,14.2691,51.45119999999999
RLPD,0,0,17.2913,17.2913,0.0
RLPD,0,100,17.6584,17.2913,0.36710000000000065
RLPD,0,200,45.7935,17.2913,28.502200000000002
RLPD,0,300,69.8461,17.2913,52.55480000000001
RLPD,0,400,67.0994,17.2913,49.8081
RLPD,0,500,80.7631,17.2913,63.471799999999995
RLPD,1,0,210.4238,210.4238,0.0
RLPD,1,100,225.1484,210.4238,14.72460000000001
RLPD,1,200,50.3525,210.4238,-160.0713
RLPD,1,300,36.8799,210.4238,-173.5439
RLPD,1,400,105.7455,210.4238,-104.6783
RLPD,1,500,52.2291,210.4238,-158.1947
RLPD,2,0,16.1719,16.1719,0.0
RLPD,2,100,16.1671,16.1719,-0.004799999999999471
RLPD,2,200,81.4145,16.1719,65.24260000000001
RLPD,2,300,46.4885,16.1719,30.3166
RLPD,2,400,75.903,16.1719,59.731100000000005
RLPD,2,500,85.7329,16.1719,69.561
