environment,algorithm,shift,seed,score_1000,score_2000,score_3000,score_4000,score_5000,auc,average_performance,event_file
HalfCheetah,BC_SAC,0.1,0,0.6652398109436035,0.6485564708709717,0.965476393699646,4.701733112335205,0.9631999731063843,7129.985868930817,1.7824964672327042,events.out.tfevents.1790922058.LAPTOP-UQB2MEFQ
HalfCheetah,BC_SAC,0.1,1,0.6632708311080933,0.6412078142166138,5.481786727905273,1.1173869371414185,0.07375768572092056,7608.895737677813,1.9022239344194531,events.out.tfevents.1790922186.LAPTOP-UQB2MEFQ
HalfCheetah,BC_SAC,0.1,2,0.6636991500854492,0.6431615352630615,0.5582950711250305,6.824670314788818,0.8493559956550598,8782.654494047165,2.1956636235117912,events.out.tfevents.1790922314.LAPTOP-UQB2MEFQ
HalfCheetah,RLPD,0.1,0,0.6632094383239746,0.5978305339813232,-1.2209060192108154,-0.5097755193710327,0.291608601808548,-655.4419845342636,-0.1638604961335659,events.out.tfevents.1790922443.LAPTOP-UQB2MEFQ
HalfCheetah,RLPD,0.1,1,0.6634984612464905,0.5951249003410339,1.2206345796585083,0.43622639775276184,0.4754660725593567,2821.4681446552277,0.7053670361638069,events.out.tfevents.1790922785.LAPTOP-UQB2MEFQ
HalfCheetah,RLPD,0.1,2,0.6651883125305176,0.5949434041976929,0.5635000467300415,0.11722129583358765,0.5635332465171814,1890.0255262851715,0.4725063815712929,events.out.tfevents.1790923149.LAPTOP-UQB2MEFQ
HalfCheetah,SAC_TARGET_ONLY,0.1,0,0.6652398109436035,0.6603880524635315,0.6197777986526489,0.37713876366615295,0.057291049510240555,2018.5700450092554,0.5046425112523139,events.out.tfevents.1790921768.LAPTOP-UQB2MEFQ
HalfCheetah,SAC_TARGET_ONLY,0.1,1,0.6632708311080933,0.6547295451164246,0.6016203165054321,0.5540112853050232,-0.15541307628154755,2064.2900243401527,0.5160725060850382,events.out.tfevents.1790921863.LAPTOP-UQB2MEFQ
HalfCheetah,SAC_TARGET_ONLY,0.1,2,0.6636991500854492,0.6521731615066528,0.6081007719039917,0.6485866904258728,0.7568956613540649,2619.1580295562744,0.6547895073890686,events.out.tfevents.1790921962.LAPTOP-UQB2MEFQ
