task,shift,algorithm,method_performance,target_only_performance,delta_vs_target_only,transfer_gain_percent,transfer_direction
Hopper,0.5,BC_SAC,3.9366570015748334,2.9486958434184394,0.9879611581563941,33.505020884454645,Positive
Hopper,0.5,RLPD,2.899241328239441,2.9486958434184394,-0.04945451517899846,-1.6771656964682247,Negative
Hopper,2.0,BC_SAC,5.737798874576886,3.6201493740081787,2.1176495005687075,58.496191228266234,Positive
Hopper,2.0,RLPD,2.973712389667829,3.6201493740081787,-0.6464369843403497,-17.85663842993925,Negative
HalfCheetah,0.5,BC_SAC,11.072297245264053,2.5759823244685927,8.496314920795461,329.82815293766396,Positive
HalfCheetah,0.5,RLPD,2.4464127495884895,2.5759823244685927,-0.12956957488010312,-5.029909314569246,Negative
HalfCheetah,2.0,BC_SAC,3.531098117431005,2.022886112332344,1.508212005098661,74.5574353347913,Positive
HalfCheetah,2.0,RLPD,2.1326413651307425,2.022886112332344,0.10975525279839848,5.425676321038807,Positive
Walker2d,0.5,BC_SAC,6.4463385680768015,6.1764237957152845,0.26991477236151695,4.370081802818688,Positive
Walker2d,0.5,RLPD,5.164993274956942,6.1764237957152845,-1.011430520758343,-16.37566582558654,Negative
Walker2d,2.0,BC_SAC,4.2524435908223195,-0.2691621230915189,4.521605713913838,,Positive
Walker2d,2.0,RLPD,3.5598614420741796,-0.2691621230915189,3.8290235651656985,,Positive
Ant,0.5,BC_SAC,10.854962348937988,6.196498105923335,4.658464243014653,75.17898276385415,Positive
Ant,0.5,RLPD,3.089931676785151,6.196498105923335,-3.106566429138184,-50.13422704299006,Negative
Ant,2.0,BC_SAC,12.823951641718546,5.53427055478096,7.289681086937586,131.71891425944395,Positive
Ant,2.0,RLPD,4.188946336507797,5.53427055478096,-1.3453242182731628,-24.30897089248665,Negative
