task,algorithm,shift,seed,auc,average_performance,final_score
HalfCheetah,BC_SAC,0.5,0,49524.0877866745,12.381021946668625,17.594785690307617
HalfCheetah,BC_SAC,0.5,1,37288.22898864746,9.322057247161865,3.993844747543335
HalfCheetah,BC_SAC,0.5,2,46055.25016784668,11.51381254196167,17.949716567993164
HalfCheetah,BC_SAC,2.0,0,24449.538946151733,6.112384736537933,5.850976943969727
HalfCheetah,BC_SAC,2.0,1,8044.915437698364,2.011228859424591,1.5013043880462646
HalfCheetah,BC_SAC,2.0,2,9878.72302532196,2.46968075633049,6.0659589767456055
HalfCheetah,RLPD,0.5,0,10314.772635698318,2.5786931589245796,0.9814704060554504
HalfCheetah,RLPD,0.5,1,6308.124482631683,1.5770311206579208,1.0701048374176025
HalfCheetah,RLPD,0.5,2,12734.055876731873,3.183513969182968,2.0936505794525146
HalfCheetah,RLPD,2.0,0,7180.081844329834,1.7950204610824585,-0.7974941730499268
HalfCheetah,RLPD,2.0,1,13745.011329650879,3.4362528324127197,4.132761001586914
HalfCheetah,RLPD,2.0,2,4666.603207588196,1.166650801897049,8.024019241333008
HalfCheetah,SAC_TARGET_ONLY,0.5,0,8781.65778145194,2.195414445362985,-0.12175745517015457
HalfCheetah,SAC_TARGET_ONLY,0.5,1,10561.371505260468,2.640342876315117,2.9453279972076416
HalfCheetah,SAC_TARGET_ONLY,0.5,2,11568.758606910706,2.8921896517276764,1.0602531433105469
HalfCheetah,SAC_TARGET_ONLY,2.0,0,7544.00897026062,1.886002242565155,-2.657443046569824
HalfCheetah,SAC_TARGET_ONLY,2.0,1,6630.309998989105,1.6575774997472763,1.9213917255401611
HalfCheetah,SAC_TARGET_ONLY,2.0,2,10100.314378738403,2.525078594684601,3.2677106857299805
