task,algorithm,shift,seed,step,normalized_score,event_file
ant,BC_SAC,0.5,0,1000,15.227012634277344,events.out.tfevents.1790916479.LAPTOP-UQB2MEFQ
ant,BC_SAC,0.5,0,2000,11.252960205078125,events.out.tfevents.1790916479.LAPTOP-UQB2MEFQ
ant,BC_SAC,0.5,0,3000,8.554107666015625,events.out.tfevents.1790916479.LAPTOP-UQB2MEFQ
ant,BC_SAC,0.5,0,4000,6.2806077003479,events.out.tfevents.1790916479.LAPTOP-UQB2MEFQ
ant,BC_SAC,0.5,0,5000,10.033760070800781,events.out.tfevents.1790916479.LAPTOP-UQB2MEFQ
ant,BC_SAC,0.5,1,1000,15.27696418762207,events.out.tfevents.1790916666.LAPTOP-UQB2MEFQ
ant,BC_SAC,0.5,1,2000,10.608535766601562,events.out.tfevents.1790916666.LAPTOP-UQB2MEFQ
ant,BC_SAC,0.5,1,3000,21.839794158935547,events.out.tfevents.1790916666.LAPTOP-UQB2MEFQ
ant,BC_SAC,0.5,1,4000,11.029687881469727,events.out.tfevents.1790916666.LAPTOP-UQB2MEFQ
ant,BC_SAC,0.5,1,5000,8.521149635314941,events.out.tfevents.1790916666.LAPTOP-UQB2MEFQ
ant,BC_SAC,0.5,2,1000,15.284756660461426,events.out.tfevents.1790916865.LAPTOP-UQB2MEFQ
ant,BC_SAC,0.5,2,2000,9.422294616699219,events.out.tfevents.1790916865.LAPTOP-UQB2MEFQ
ant,BC_SAC,0.5,2,3000,7.932336807250977,events.out.tfevents.1790916865.LAPTOP-UQB2MEFQ
ant,BC_SAC,0.5,2,4000,8.080496788024902,events.out.tfevents.1790916865.LAPTOP-UQB2MEFQ
ant,BC_SAC,0.5,2,5000,6.173810005187988,events.out.tfevents.1790916865.LAPTOP-UQB2MEFQ
ant,BC_SAC,2.0,0,1000,23.927021026611328,events.out.tfevents.1790917059.LAPTOP-UQB2MEFQ
ant,BC_SAC,2.0,0,2000,20.500211715698242,events.out.tfevents.1790917059.LAPTOP-UQB2MEFQ
ant,BC_SAC,2.0,0,3000,7.86931848526001,events.out.tfevents.1790917059.LAPTOP-UQB2MEFQ
ant,BC_SAC,2.0,0,4000,8.327378273010254,events.out.tfevents.1790917059.LAPTOP-UQB2MEFQ
ant,BC_SAC,2.0,0,5000,8.037436485290527,events.out.tfevents.1790917059.LAPTOP-UQB2MEFQ
ant,BC_SAC,2.0,1,1000,23.997114181518555,events.out.tfevents.1790917241.LAPTOP-UQB2MEFQ
ant,BC_SAC,2.0,1,2000,13.903151512145996,events.out.tfevents.1790917241.LAPTOP-UQB2MEFQ
ant,BC_SAC,2.0,1,3000,10.434199333190918,events.out.tfevents.1790917241.LAPTOP-UQB2MEFQ
ant,BC_SAC,2.0,1,4000,9.722448348999023,events.out.tfevents.1790917241.LAPTOP-UQB2MEFQ
ant,BC_SAC,2.0,1,5000,9.009014129638672,events.out.tfevents.1790917241.LAPTOP-UQB2MEFQ
ant,BC_SAC,2.0,2,1000,24.007299423217773,events.out.tfevents.1790917430.LAPTOP-UQB2MEFQ
ant,BC_SAC,2.0,2,2000,19.375110626220703,events.out.tfevents.1790917430.LAPTOP-UQB2MEFQ
ant,BC_SAC,2.0,2,3000,9.484160423278809,events.out.tfevents.1790917430.LAPTOP-UQB2MEFQ
ant,BC_SAC,2.0,2,4000,5.702348709106445,events.out.tfevents.1790917430.LAPTOP-UQB2MEFQ
ant,BC_SAC,2.0,2,5000,8.160299301147461,events.out.tfevents.1790917430.LAPTOP-UQB2MEFQ
ant,RLPD,0.5,0,1000,15.30500602722168,events.out.tfevents.1790917609.LAPTOP-UQB2MEFQ
ant,RLPD,0.5,0,2000,3.5355992317199707,events.out.tfevents.1790917609.LAPTOP-UQB2MEFQ
ant,RLPD,0.5,0,3000,-2.5732812881469727,events.out.tfevents.1790917609.LAPTOP-UQB2MEFQ
ant,RLPD,0.5,0,4000,-3.8698105812072754,events.out.tfevents.1790917609.LAPTOP-UQB2MEFQ
ant,RLPD,0.5,0,5000,6.664143085479736,events.out.tfevents.1790917609.LAPTOP-UQB2MEFQ
ant,RLPD,0.5,1,1000,15.186969757080078,events.out.tfevents.1790918060.LAPTOP-UQB2MEFQ
ant,RLPD,0.5,1,2000,1.1478276252746582,events.out.tfevents.1790918060.LAPTOP-UQB2MEFQ
ant,RLPD,0.5,1,3000,-1.8122938871383667,events.out.tfevents.1790918060.LAPTOP-UQB2MEFQ
ant,RLPD,0.5,1,4000,1.4575529098510742,events.out.tfevents.1790918060.LAPTOP-UQB2MEFQ
ant,RLPD,0.5,1,5000,5.03073787689209,events.out.tfevents.1790918060.LAPTOP-UQB2MEFQ
ant,RLPD,0.5,2,1000,15.335281372070312,events.out.tfevents.1790918520.LAPTOP-UQB2MEFQ
ant,RLPD,0.5,2,2000,-2.3170456886291504,events.out.tfevents.1790918520.LAPTOP-UQB2MEFQ
ant,RLPD,0.5,2,3000,8.88652515411377,events.out.tfevents.1790918520.LAPTOP-UQB2MEFQ
ant,RLPD,0.5,2,4000,2.891348123550415,events.out.tfevents.1790918520.LAPTOP-UQB2MEFQ
ant,RLPD,0.5,2,5000,1.9433789253234863,events.out.tfevents.1790918520.LAPTOP-UQB2MEFQ
ant,RLPD,2.0,0,1000,24.017786026000977,events.out.tfevents.1790918975.LAPTOP-UQB2MEFQ
ant,RLPD,2.0,0,2000,1.0800695419311523,events.out.tfevents.1790918975.LAPTOP-UQB2MEFQ
ant,RLPD,2.0,0,3000,6.690219402313232,events.out.tfevents.1790918975.LAPTOP-UQB2MEFQ
ant,RLPD,2.0,0,4000,0.565139651298523,events.out.tfevents.1790918975.LAPTOP-UQB2MEFQ
ant,RLPD,2.0,0,5000,5.8332014083862305,events.out.tfevents.1790918975.LAPTOP-UQB2MEFQ
ant,RLPD,2.0,1,1000,23.857177734375,events.out.tfevents.1790919409.LAPTOP-UQB2MEFQ
ant,RLPD,2.0,1,2000,-7.031935691833496,events.out.tfevents.1790919409.LAPTOP-UQB2MEFQ
ant,RLPD,2.0,1,3000,-4.99496603012085,events.out.tfevents.1790919409.LAPTOP-UQB2MEFQ
ant,RLPD,2.0,1,4000,2.186237096786499,events.out.tfevents.1790919409.LAPTOP-UQB2MEFQ
ant,RLPD,2.0,1,5000,7.372325897216797,events.out.tfevents.1790919409.LAPTOP-UQB2MEFQ
ant,RLPD,2.0,2,1000,24.025449752807617,events.out.tfevents.1790919860.LAPTOP-UQB2MEFQ
ant,RLPD,2.0,2,2000,-5.29551362991333,events.out.tfevents.1790919860.LAPTOP-UQB2MEFQ
ant,RLPD,2.0,2,3000,5.605188369750977,events.out.tfevents.1790919860.LAPTOP-UQB2MEFQ
ant,RLPD,2.0,2,4000,6.0967888832092285,events.out.tfevents.1790919860.LAPTOP-UQB2MEFQ
ant,RLPD,2.0,2,5000,5.626316070556641,events.out.tfevents.1790919860.LAPTOP-UQB2MEFQ
ant,SAC_TARGET_ONLY,0.5,0,1000,15.227012634277344,events.out.tfevents.1790915695.LAPTOP-UQB2MEFQ
ant,SAC_TARGET_ONLY,0.5,0,2000,12.568778991699219,events.out.tfevents.1790915695.LAPTOP-UQB2MEFQ
ant,SAC_TARGET_ONLY,0.5,0,3000,8.543785095214844,events.out.tfevents.1790915695.LAPTOP-UQB2MEFQ
ant,SAC_TARGET_ONLY,0.5,0,4000,8.895834922790527,events.out.tfevents.1790915695.LAPTOP-UQB2MEFQ
ant,SAC_TARGET_ONLY,0.5,0,5000,5.046327114105225,events.out.tfevents.1790915695.LAPTOP-UQB2MEFQ
ant,SAC_TARGET_ONLY,0.5,1,1000,15.27696418762207,events.out.tfevents.1790915828.LAPTOP-UQB2MEFQ
ant,SAC_TARGET_ONLY,0.5,1,2000,11.774357795715332,events.out.tfevents.1790915828.LAPTOP-UQB2MEFQ
ant,SAC_TARGET_ONLY,0.5,1,3000,-7.509016036987305,events.out.tfevents.1790915828.LAPTOP-UQB2MEFQ
ant,SAC_TARGET_ONLY,0.5,1,4000,-8.070510864257812,events.out.tfevents.1790915828.LAPTOP-UQB2MEFQ
ant,SAC_TARGET_ONLY,0.5,1,5000,3.5068869590759277,events.out.tfevents.1790915828.LAPTOP-UQB2MEFQ
ant,SAC_TARGET_ONLY,0.5,2,1000,15.284756660461426,events.out.tfevents.1790915963.LAPTOP-UQB2MEFQ
ant,SAC_TARGET_ONLY,0.5,2,2000,11.166882514953613,events.out.tfevents.1790915963.LAPTOP-UQB2MEFQ
ant,SAC_TARGET_ONLY,0.5,2,3000,9.605886459350586,events.out.tfevents.1790915963.LAPTOP-UQB2MEFQ
ant,SAC_TARGET_ONLY,0.5,2,4000,-1.488134741783142,events.out.tfevents.1790915963.LAPTOP-UQB2MEFQ
ant,SAC_TARGET_ONLY,0.5,2,5000,3.3982787132263184,events.out.tfevents.1790915963.LAPTOP-UQB2MEFQ
ant,SAC_TARGET_ONLY,2.0,0,1000,23.927021026611328,events.out.tfevents.1790916099.LAPTOP-UQB2MEFQ
ant,SAC_TARGET_ONLY,2.0,0,2000,15.71514892578125,events.out.tfevents.1790916099.LAPTOP-UQB2MEFQ
ant,SAC_TARGET_ONLY,2.0,0,3000,7.0736284255981445,events.out.tfevents.1790916099.LAPTOP-UQB2MEFQ
ant,SAC_TARGET_ONLY,2.0,0,4000,6.445617198944092,events.out.tfevents.1790916099.LAPTOP-UQB2MEFQ
ant,SAC_TARGET_ONLY,2.0,0,5000,3.288839340209961,events.out.tfevents.1790916099.LAPTOP-UQB2MEFQ
ant,SAC_TARGET_ONLY,2.0,1,1000,23.997114181518555,events.out.tfevents.1790916223.LAPTOP-UQB2MEFQ
ant,SAC_TARGET_ONLY,2.0,1,2000,1.2288213968276978,events.out.tfevents.1790916223.LAPTOP-UQB2MEFQ
ant,SAC_TARGET_ONLY,2.0,1,3000,-7.490769863128662,events.out.tfevents.1790916223.LAPTOP-UQB2MEFQ
ant,SAC_TARGET_ONLY,2.0,1,4000,-0.8355438709259033,events.out.tfevents.1790916223.LAPTOP-UQB2MEFQ
ant,SAC_TARGET_ONLY,2.0,1,5000,-28.660642623901367,events.out.tfevents.1790916223.LAPTOP-UQB2MEFQ
ant,SAC_TARGET_ONLY,2.0,2,1000,24.007299423217773,events.out.tfevents.1790916360.LAPTOP-UQB2MEFQ
ant,SAC_TARGET_ONLY,2.0,2,2000,4.756155967712402,events.out.tfevents.1790916360.LAPTOP-UQB2MEFQ
ant,SAC_TARGET_ONLY,2.0,2,3000,8.067498207092285,events.out.tfevents.1790916360.LAPTOP-UQB2MEFQ
ant,SAC_TARGET_ONLY,2.0,2,4000,5.409733772277832,events.out.tfevents.1790916360.LAPTOP-UQB2MEFQ
ant,SAC_TARGET_ONLY,2.0,2,5000,5.522281646728516,events.out.tfevents.1790916360.LAPTOP-UQB2MEFQ
