algorithm,shift,seed,auc,average_performance
SAC_TARGET_ONLY,0.5,0,14633.781552314758,3.6584453880786896
SAC_TARGET_ONLY,0.5,1,13265.844941139221,3.3164612352848053
SAC_TARGET_ONLY,0.5,2,7484.723627567291,1.8711809068918228
SAC_TARGET_ONLY,2.0,0,11364.770770072937,2.8411926925182343
SAC_TARGET_ONLY,2.0,1,20943.452537059784,5.235863134264946
SAC_TARGET_ONLY,2.0,2,11133.569180965424,2.783392295241356
BC_SAC,0.5,0,13505.754113197327,3.3764385282993317
BC_SAC,0.5,1,23277.631998062134,5.8194079995155334
BC_SAC,0.5,2,10456.49790763855,2.6141244769096375
BC_SAC,2.0,0,17644.192576408386,4.411048144102097
BC_SAC,2.0,1,28779.540956020355,7.194885239005089
BC_SAC,2.0,2,22429.852962493896,5.607463240623474
RLPD,0.5,0,10344.418585300446,2.5861046463251114
RLPD,0.5,1,13402.621865272522,3.3506554663181305
RLPD,0.5,2,11043.855488300323,2.760963872075081
RLPD,2.0,0,12120.128870010376,3.030032217502594
RLPD,2.0,1,13538.010120391846,3.3845025300979614
RLPD,2.0,2,10026.409685611725,2.506602421402931
