algorithm,shift,seed,step,normalized_score
SAC_TARGET_ONLY,0.5,0,1000,1.625934362411499
SAC_TARGET_ONLY,0.5,0,2000,5.41818904876709
SAC_TARGET_ONLY,0.5,0,3000,3.140598773956299
SAC_TARGET_ONLY,0.5,0,4000,2.9217653274536133
SAC_TARGET_ONLY,0.5,0,5000,4.680522441864014
SAC_TARGET_ONLY,0.5,1,1000,1.4405946731567383
SAC_TARGET_ONLY,0.5,1,2000,2.935006618499756
SAC_TARGET_ONLY,0.5,1,3000,2.4873030185699463
SAC_TARGET_ONLY,0.5,1,4000,5.856306076049805
SAC_TARGET_ONLY,0.5,1,5000,2.5338637828826904
SAC_TARGET_ONLY,0.5,2,1000,1.2466015815734863
SAC_TARGET_ONLY,0.5,2,2000,0.9486138224601746
SAC_TARGET_ONLY,0.5,2,3000,2.21368408203125
SAC_TARGET_ONLY,0.5,2,4000,2.5903117656707764
SAC_TARGET_ONLY,0.5,2,5000,2.2176263332366943
SAC_TARGET_ONLY,2.0,0,1000,1.6346497535705566
SAC_TARGET_ONLY,2.0,0,2000,3.0019428730010986
SAC_TARGET_ONLY,2.0,0,3000,1.7451889514923096
SAC_TARGET_ONLY,2.0,0,4000,4.844865322113037
SAC_TARGET_ONLY,2.0,0,5000,1.9108974933624268
SAC_TARGET_ONLY,2.0,1,1000,1.4612354040145874
SAC_TARGET_ONLY,2.0,1,2000,6.1826982498168945
SAC_TARGET_ONLY,2.0,1,3000,4.6515655517578125
SAC_TARGET_ONLY,2.0,1,4000,5.255342960357666
SAC_TARGET_ONLY,2.0,1,5000,8.246456146240234
SAC_TARGET_ONLY,2.0,2,1000,1.255845069885254
SAC_TARGET_ONLY,2.0,2,2000,5.580785274505615
SAC_TARGET_ONLY,2.0,2,3000,3.208831310272217
SAC_TARGET_ONLY,2.0,2,4000,1.1214981079101562
SAC_TARGET_ONLY,2.0,2,5000,1.1890639066696167
BC_SAC,0.5,0,1000,1.625934362411499
BC_SAC,0.5,0,2000,5.094831943511963
BC_SAC,0.5,0,3000,3.6001923084259033
BC_SAC,0.5,0,4000,2.6929681301116943
BC_SAC,0.5,0,5000,2.609589099884033
BC_SAC,0.5,1,1000,1.4405946731567383
BC_SAC,0.5,1,2000,5.15622615814209
BC_SAC,0.5,1,3000,2.748133897781372
BC_SAC,0.5,1,4000,4.1636834144592285
BC_SAC,0.5,1,5000,20.97858238220215
BC_SAC,0.5,2,1000,1.2466015815734863
BC_SAC,0.5,2,2000,2.953458309173584
BC_SAC,0.5,2,3000,1.9543430805206299
BC_SAC,0.5,2,4000,3.5137650966644287
BC_SAC,0.5,2,5000,2.823261260986328
BC_SAC,2.0,0,1000,1.6346497535705566
BC_SAC,2.0,0,2000,3.4006588459014893
BC_SAC,2.0,0,3000,8.812744140625
BC_SAC,2.0,0,4000,3.179694414138794
BC_SAC,2.0,0,5000,2.8675405979156494
BC_SAC,2.0,1,1000,1.4612354040145874
BC_SAC,2.0,1,2000,3.3878633975982666
BC_SAC,2.0,1,3000,9.744756698608398
BC_SAC,2.0,1,4000,9.945751190185547
BC_SAC,2.0,1,5000,9.9411039352417
BC_SAC,2.0,2,1000,1.255845069885254
BC_SAC,2.0,2,2000,4.794750690460205
BC_SAC,2.0,2,3000,8.414794921875
BC_SAC,2.0,2,4000,4.495968341827393
BC_SAC,2.0,2,5000,8.192832946777344
RLPD,0.5,0,1000,1.3492573499679565
RLPD,0.5,0,2000,2.2121310234069824
RLPD,0.5,0,3000,2.9497969150543213
RLPD,0.5,0,4000,2.8655576705932617
RLPD,0.5,0,5000,3.2846086025238037
RLPD,0.5,1,1000,7.712741851806641
RLPD,0.5,1,2000,2.3519504070281982
RLPD,0.5,1,3000,1.9387598037719727
RLPD,0.5,1,4000,4.050788879394531
RLPD,0.5,1,5000,2.409503698348999
RLPD,0.5,2,1000,1.3035215139389038
RLPD,0.5,2,2000,3.3045854568481445
RLPD,0.5,2,3000,2.2334437370300293
RLPD,0.5,2,4000,3.1355528831481934
RLPD,0.5,2,5000,3.437025308609009
RLPD,2.0,0,1000,1.3695437908172607
RLPD,2.0,0,2000,3.7490601539611816
RLPD,2.0,0,3000,3.5494449138641357
RLPD,2.0,0,4000,2.1447978019714355
RLPD,2.0,0,5000,3.9841082096099854
RLPD,2.0,1,1000,4.9182448387146
RLPD,2.0,1,2000,4.41591739654541
RLPD,2.0,1,3000,2.9672091007232666
RLPD,2.0,1,4000,2.5713951587677
RLPD,2.0,1,5000,2.248732089996338
RLPD,2.0,2,1000,1.331851601600647
RLPD,2.0,2,2000,1.2356055974960327
RLPD,2.0,2,3000,3.301501512527466
RLPD,2.0,2,4000,3.3405680656433105
RLPD,2.0,2,5000,2.9656174182891846
