algorithm,shift,step,mean_score,std_score,min_score,max_score,n_seeds
BC_SAC,0.5,1000,1.437710205713908,0.18968283994314428,1.2466015815734863,1.625934362411499,3
BC_SAC,0.5,2000,4.401505470275879,1.2544212801048236,2.953458309173584,5.15622615814209,3
BC_SAC,0.5,3000,2.7675564289093018,0.823096498768922,1.9543430805206297,3.6001923084259038,3
BC_SAC,0.5,4000,3.4568055470784507,0.7370102812173926,2.6929681301116943,4.1636834144592285,3
BC_SAC,0.5,5000,8.803810914357504,10.544202633143513,2.609589099884033,20.97858238220215,3
BC_SAC,2.0,1000,1.4505767424901326,0.18962714044830245,1.255845069885254,1.6346497535705566,3
BC_SAC,2.0,2000,3.861090977986654,0.8085983396572529,3.3878633975982666,4.794750690460205,3
BC_SAC,2.0,3000,8.990765253702799,0.6826186486018809,8.414794921875,9.744756698608398,3
BC_SAC,2.0,4000,5.873804648717244,3.587297832716145,3.179694414138794,9.945751190185549,3
BC_SAC,2.0,5000,7.000492493311564,3.684437730443961,2.8675405979156494,9.9411039352417,3
RLPD,0.5,1000,3.4551735719045005,3.6872332019003045,1.3035215139389038,7.712741851806641,3
RLPD,0.5,2000,2.622888962427775,0.5944913354186249,2.2121310234069824,3.3045854568481445,3
RLPD,0.5,3000,2.374000151952108,0.519967392659722,1.9387598037719729,2.9497969150543213,3
RLPD,0.5,4000,3.350633144378662,0.6211987553572162,2.8655576705932617,4.050788879394531,3
RLPD,0.5,5000,3.043712536493937,0.554502796078911,2.409503698348999,3.437025308609009,3
RLPD,2.0,1000,2.539880077044169,2.0598105203995627,1.331851601600647,4.9182448387146,3
RLPD,2.0,2000,3.133527716000875,1.6771272824175245,1.2356055974960327,4.41591739654541,3
RLPD,2.0,3000,3.2727185090382895,0.29218313006288676,2.9672091007232666,3.549444913864136,3
RLPD,2.0,4000,2.685587008794149,0.6060086342865285,2.1447978019714355,3.3405680656433105,3
RLPD,2.0,5000,3.066152572631836,0.8720453297136312,2.248732089996338,3.984108209609986,3
SAC_TARGET_ONLY,0.5,1000,1.437710205713908,0.18968283994314428,1.2466015815734863,1.625934362411499,3
SAC_TARGET_ONLY,0.5,2000,3.10060316324234,2.239384365763756,0.9486138224601746,5.41818904876709,3
SAC_TARGET_ONLY,0.5,3000,2.6138619581858316,0.4762411000996764,2.21368408203125,3.140598773956299,3
SAC_TARGET_ONLY,0.5,4000,3.789461056391398,1.797596066242275,2.5903117656707764,5.856306076049805,3
SAC_TARGET_ONLY,0.5,5000,3.1440041859944663,1.3400252960690513,2.2176263332366943,4.680522441864014,3
SAC_TARGET_ONLY,2.0,1000,1.4505767424901326,0.18962714044830245,1.255845069885254,1.6346497535705566,3
SAC_TARGET_ONLY,2.0,2000,4.921808799107869,1.6896711775169093,3.001942873001098,6.182698249816895,3
SAC_TARGET_ONLY,2.0,3000,3.2018619378407798,1.453200834281615,1.7451889514923096,4.6515655517578125,3
SAC_TARGET_ONLY,2.0,4000,3.7405687967936196,2.277448446815229,1.1214981079101562,5.255342960357666,3
SAC_TARGET_ONLY,2.0,5000,3.7821391820907593,3.8830214265458336,1.1890639066696167,8.246456146240234,3
