task,algorithm,shift,n,auc_mean,auc_sd,average_performance_mean,average_performance_sd,final_score_mean,final_score_sd
Ant,BC_SAC,0.5,3,43419.84939575195,10433.681547208338,10.854962348937988,2.6084203868020848,8.24290657043457,1.94495964729903
Ant,BC_SAC,2.0,3,51295.806566874184,1198.7104138686093,12.823951641718546,0.29967760346715233,8.402249972025553,0.529051864284629
Ant,RLPD,0.5,3,12359.726707140604,5168.110657128213,3.089931676785151,1.2920276642820532,4.5460866292317705,2.3974087444255234
Ant,RLPD,2.0,3,16755.78534603119,9564.363580712947,4.188946336507797,2.391090895178237,6.277281125386556,0.9539615689254853
Ant,SAC_TARGET_ONLY,0.5,3,24785.99242369334,17596.28818745411,6.196498105923335,4.399072046863528,3.9838309288024902,0.9217497196114456
Ant,SAC_TARGET_ONLY,2.0,3,22137.08221912384,27776.826883573798,5.53427055478096,6.944206720893449,-6.616507212320964,19.123414853712884
HalfCheetah,BC_SAC,0.5,3,44289.18898105621,6306.210368987839,11.072297245264053,1.5765525922469612,13.179449001948038,7.9569459041071156
HalfCheetah,BC_SAC,2.0,3,14124.39246972402,8988.726266099786,3.531098117431005,2.2471815665249464,4.472746769587199,2.5755886101466894
HalfCheetah,RLPD,0.5,3,9785.650998353958,3245.4777538522867,2.4464127495884895,0.8113694384630717,1.381741940975189,0.6181217095036399
HalfCheetah,RLPD,2.0,3,8530.56546052297,4687.45432040548,2.1326413651307425,1.17186358010137,3.786428689956665,4.420942691620632
HalfCheetah,SAC_TARGET_ONLY,0.5,3,10303.92929787437,1411.2725181289763,2.5759823244685927,0.3528181295322441,1.2946078951160114,1.5469146406047196
HalfCheetah,SAC_TARGET_ONLY,2.0,3,8091.544449329376,1798.6325151345166,2.022886112332344,0.44965812878362915,0.8438864549001058,3.1060626030457597
Hopper,BC_SAC,0.5,3,15746.628006299337,6697.873296408724,3.9366570015748334,1.6744683241021805,,
Hopper,BC_SAC,2.0,3,22951.195498307545,5585.950627562705,5.737798874576886,1.3964876568906763,,
Hopper,RLPD,0.5,3,11596.965312957764,1602.3731413149155,2.899241328239441,0.40059328532872884,,
Hopper,RLPD,2.0,3,11894.849558671316,1766.6062038482248,2.973712389667829,0.44165155096205605,,
Hopper,SAC_TARGET_ONLY,0.5,3,11794.783373673758,3794.7692820913508,2.9486958434184394,0.9486923205228376,,
Hopper,SAC_TARGET_ONLY,2.0,3,14480.597496032715,5598.190333018181,3.6201493740081787,1.3995475832545452,,
Walker2d,BC_SAC,0.5,3,25785.354272307206,10298.291042324685,6.4463385680768015,2.5745727605811712,8.24991849064827,7.336939479237347
Walker2d,BC_SAC,2.0,3,17009.774363289278,7758.432764801804,4.2524435908223195,1.939608191200451,4.0958406925201425,6.4422988512518105
Walker2d,RLPD,0.5,3,20659.973099827766,2768.0661177682377,5.164993274956942,0.6920165294420587,5.906237085660298,3.7077974065117947
Walker2d,RLPD,2.0,3,14239.445768296719,559.8138195417033,3.5598614420741796,0.13995345488542585,3.1248388290405273,1.2562445201176895
Walker2d,SAC_TARGET_ONLY,0.5,3,24705.695182861138,17970.10603037775,6.1764237957152845,4.492526507594437,5.890139838059743,4.80458874761913
Walker2d,SAC_TARGET_ONLY,2.0,3,-1076.6484923660755,1361.911134022177,-0.2691621230915189,0.34047778350554425,-0.290264293551445,0.22945651489421726
