environment,shift,seed,mean_distance,mean_encoder_loss,mean_src_reward,final_distance,final_encoder_loss,final_src_reward
ant-friction,0.1,0,1.2742767632007599,1.1693138480186462,3.5577649672826133,0.8366134762763977,0.6336090564727783,3.506176710128784
ant-friction,0.1,1,1.185100942850113,1.168978085120519,3.4863884846369424,0.6946675777435303,0.6260939240455627,3.5504181385040283
ant-friction,0.1,2,1.1530874371528625,1.1646461089452107,3.5283724864323935,0.7233679294586182,0.7184768319129944,3.7483627796173096
ant-friction,0.5,0,1.266319344441096,1.177340527375539,3.5585604906082153,0.8037638068199158,0.6303250789642334,3.5094611644744877
ant-friction,0.5,1,1.1879274348417919,1.233501931031545,3.486105720202128,0.7071040272712708,0.7742967009544373,3.5491745471954346
ant-friction,0.5,2,1.0917898913224537,1.1611053744951885,3.534502307573954,0.5958203673362732,0.7045596837997437,3.761117458343506
ant-friction,2.0,0,1.2457193434238434,1.1562531491120656,3.5606205066045127,0.8101430535316467,0.6478351950645447,3.50882339477539
ant-friction,2.0,1,1.2065172096093495,1.2188399036725361,3.484246850013733,0.7347856760025024,0.7394561767578125,3.5464067459106445
ant-friction,2.0,2,1.1218116283416748,1.1728077630201976,3.5315001408259072,0.680516242980957,0.738727331161499,3.752647876739502
ant-friction,5.0,0,1.279427409172058,1.1880788306395214,3.557249665260315,0.8730794191360474,0.6875051259994507,3.502529621124268
ant-friction,5.0,1,1.1531231502691905,1.1702667872111003,3.4895862340927124,0.6251726746559143,0.6518427133560181,3.5573675632476807
ant-friction,5.0,2,1.1508465309937794,1.1890652577082317,3.528596520423889,0.7459747791290283,0.7734503149986267,3.7461018562316895
halfcheetah-friction,0.1,0,0.9908628066380819,0.9165944457054138,4.738391637802124,0.336374968290329,0.290912926197052,4.863739013671875
halfcheetah-friction,0.1,1,1.0544926126797993,0.9829644908507665,4.763561566670735,0.4303745031356811,0.3373348414897918,4.885922431945801
halfcheetah-friction,0.1,2,1.0414266337951024,1.0019283294677734,4.677065292994182,0.3755699098110199,0.3433973789215088,4.695226669311523
halfcheetah-friction,0.5,0,0.9997743517160416,0.8848058631022772,4.737500508626302,0.382646232843399,0.2717992067337036,4.859111309051514
halfcheetah-friction,0.5,1,1.0295180330673854,0.9791011909643809,4.766058762868245,0.3842866718769073,0.3537205457687378,4.890530586242676
halfcheetah-friction,0.5,2,1.0781715363264084,0.9714230100313822,4.673390785853068,0.4685290157794952,0.3263710737228393,4.6859307289123535
halfcheetah-friction,2.0,0,1.0111008783181508,0.8914246112108231,4.73636794090271,0.3871887326240539,0.2721351087093353,4.858657360076904
halfcheetah-friction,2.0,1,1.0361651579538982,0.9800606866677603,4.765394290288289,0.4095092415809631,0.3422463536262512,4.888009071350098
halfcheetah-friction,2.0,2,1.077917401989301,0.9614086200793585,4.673416296641032,0.4726322591304779,0.3047084212303161,4.685520172119141
halfcheetah-friction,5.0,0,1.023401250441869,0.8944874256849289,4.735137859980266,0.4085503220558166,0.2812312543392181,4.856521129608154
halfcheetah-friction,5.0,1,1.0450204610824585,0.9907299329837164,4.764508883158366,0.4171998500823974,0.3536224663257599,4.887239456176758
halfcheetah-friction,5.0,2,1.1023186544577281,1.0071035226186116,4.6709762414296465,0.4883454442024231,0.3412066102027893,4.68394947052002
hopper-friction,0.1,0,1.0719338258107503,0.9438803841670355,3.0054533084233603,0.6405492424964905,0.4848497807979584,3.136265754699707
hopper-friction,0.1,1,1.1546064217885335,1.0102215905984242,3.0287683804829917,0.8324152231216431,0.6394392848014832,3.034694194793701
hopper-friction,0.1,2,1.0761192341645558,0.9236187835534414,2.9904831647872925,0.6823278665542603,0.5553419589996338,3.0869669914245605
hopper-friction,0.5,0,1.0719338258107503,0.9438803841670355,3.0054533084233603,0.6405492424964905,0.4848497807979584,3.136265754699707
hopper-friction,0.5,1,1.1546064217885335,1.0102215905984242,3.0287683804829917,0.8324152231216431,0.6394392848014832,3.034694194793701
hopper-friction,0.5,2,1.0761192341645558,0.9236187835534414,2.9904831647872925,0.6823278665542603,0.5553419589996338,3.0869669914245605
hopper-friction,2.0,0,1.027897169192632,0.9459352145592371,3.009856939315796,0.5302693247795105,0.4277771413326263,3.1472935676574707
hopper-friction,2.0,1,1.1202094753583272,1.0129994253317516,3.0322081247965493,0.7137725949287415,0.6512368321418762,3.0465588569641118
hopper-friction,2.0,2,1.0571452677249908,0.892637237906456,2.992380698521932,0.6171053647994995,0.4197993576526642,3.093489408493042
hopper-friction,5.0,0,1.0379108289877574,0.9795600573221842,3.008855660756429,0.5713381171226501,0.5090786218643188,3.1431868076324463
hopper-friction,5.0,1,1.1397924621899922,0.9907091856002808,3.0302498737970986,0.7518326640129089,0.5518268942832947,3.042752981185913
hopper-friction,5.0,2,1.048825055360794,0.8990878909826279,2.9932126998901367,0.5781826376914978,0.4209297001361847,3.097381830215454
walker2d-friction,0.1,0,1.210784504810969,0.9308052013317744,3.375892917315165,0.8806441426277161,0.4603168666362762,3.572717428207397
walker2d-friction,0.1,1,1.215416560570399,1.086394300063451,3.1624502738316855,0.837160587310791,0.6940149068832397,3.2239809036254883
walker2d-friction,0.1,2,1.210932085911433,1.0551661550998688,3.245975613594055,0.889331579208374,0.7111596465110779,3.20649790763855
walker2d-friction,0.5,0,1.2010206282138824,0.969997892777125,3.3768692016601562,0.8378415107727051,0.5132603049278259,3.5769975185394287
walker2d-friction,0.5,1,1.2189126710096996,1.110356976588567,3.162100593249003,0.804047167301178,0.7008901238441467,3.227292537689209
walker2d-friction,0.5,2,1.2050140301386516,1.0555280248324077,3.246567447980245,0.8889830112457275,0.6273419857025146,3.2065322399139404
walker2d-friction,2.0,0,1.1963786085446675,0.9808046221733093,3.377333402633667,0.8563545346260071,0.6140015721321106,3.575146198272705
walker2d-friction,2.0,1,1.2404215335845947,1.089996337890625,3.1599498987197876,0.8965140581130981,0.6521727442741394,3.218045949935913
walker2d-friction,2.0,2,1.2008142868677776,1.034978856643041,3.246987541516622,0.8274152278900146,0.6378623843193054,3.2126893997192383
walker2d-friction,5.0,0,1.2051085829734802,1.0069153507550557,3.376460591952006,0.8436024188995361,0.6841869354248047,3.5764217376708984
walker2d-friction,5.0,1,1.2414957284927368,1.0990423957506816,3.1598424514134726,0.8906910419464111,0.702508270740509,3.2186286449432373
walker2d-friction,5.0,2,1.1797553996245067,1.0472175578276317,3.2490934133529663,0.818594753742218,0.6385108828544617,3.213571548461914
