environment,shift,n_seeds,mean_distance_mean,mean_distance_sd,final_distance_mean,final_distance_sd,mean_src_reward_mean,mean_src_reward_sd,final_src_reward_mean,final_src_reward_sd,mean_encoder_loss_mean,mean_encoder_loss_sd,final_encoder_loss_mean,final_encoder_loss_sd
ant-friction,0.1,3,1.2041550477345784,0.0628013325630679,0.7515496611595154,0.07505209543258463,3.524175312783983,0.03587286953525076,3.6016525427500405,0.12896606606936598,1.167646014028125,0.0026034125798290795,0.6593932708104452,0.05130564976948102
ant-friction,0.5,3,1.182012223535114,0.08741495750199207,0.7022294004758199,0.10405738799272267,3.526389506128099,0.036902392864482506,3.606584390004476,0.13529464179889586,1.1906492776340907,0.037988912522785384,0.7030604879061381,0.07199751853965587
ant-friction,2.0,3,1.1913493937916224,0.06333109379863364,0.7418149908383688,0.06509866322500331,3.5254558324813843,0.03854392433035772,3.602626005808512,0.1312747058228083,1.1826336052682664,0.03242970618917317,0.7086729009946188,0.05268825913902871
ant-friction,5.0,3,1.194465696811676,0.07358780588003368,0.7480756243069967,0.12396672397272923,3.5251441399256387,0.03396357133270508,3.6019996802012124,0.1277727585466541,1.182470291852951,0.01058004743601022,0.7042660514513651,0.06251238805885058
halfcheetah-friction,0.1,3,1.0289273510376613,0.03360598319220097,0.38077312707901,0.04721528608659567,4.726339499155681,0.04448979517200712,4.814962704976399,0.10428597551509207,0.9671624220079846,0.04480788953159913,0.32388171553611755,0.028712269030686223
halfcheetah-friction,0.5,3,1.0358213070366118,0.03957686301055617,0.41182064016660047,0.0491177428079256,4.7256500191158715,0.04745697069186932,4.811857541402181,0.11018150626439038,0.9451100213660134,0.052365849974322747,0.31729694207509357,0.041707689293387126
halfcheetah-friction,2.0,3,1.0417278127537832,0.03375380430694232,0.42311007777849835,0.044315754697597486,4.725059509277344,0.04702019032514537,4.810728867848714,0.1094225472806767,0.9442979726526474,0.04672974598286277,0.3063632945219676,0.035084905873587674
halfcheetah-friction,5.0,3,1.0569134553273518,0.04078077547365161,0.4380318721135457,0.04378692996805838,4.723540994856093,0.04783256451121401,4.8092366854349775,0.10958361448069609,0.9641069604290857,0.06084556945972008,0.3253534436225891,0.038711936934036136
hopper-friction,0.1,3,1.10088649392128,0.046569865775190136,0.718430777390798,0.10089947352918201,3.008234951231215,0.019293589291508713,3.0859756469726562,0.05079303612013733,0.959240252772967,0.04529851785336075,0.5598770081996918,0.07739446808686756
hopper-friction,0.5,3,1.10088649392128,0.046569865775190136,0.718430777390798,0.10089947352918201,3.008234951231215,0.019293589291508713,3.0859756469726562,0.05079303612013733,0.959240252772967,0.04529851785336075,0.5598770081996918,0.07739446808686756
hopper-friction,2.0,3,1.0684173040919833,0.04717716153290025,0.6203824281692505,0.09179551675932998,3.0114819208780923,0.019963376335764706,3.095780611038208,0.050406425100833256,0.9505239592658149,0.0603121585912584,0.4996044437090556,0.1313780696101614
hopper-friction,5.0,3,1.0755094488461812,0.05593754944356166,0.6337844729423523,0.10228999670900049,3.0107727448145547,0.018592860759390286,3.094440539677938,0.05028147537804206,0.9564523779683642,0.04999088957693096,0.4939450720945994,0.06674793708700653
walker2d-friction,0.1,3,1.2123777170976002,0.002632749947190546,0.8690454363822937,0.027952649048348134,3.2614396015803018,0.10755831770548024,3.3343987464904785,0.2065750694750877,1.0241218854983647,0.08230918489058199,0.6218304733435313,0.14013732332221848
walker2d-friction,0.5,3,1.208315776454078,0.00939188188812078,0.8436238964398702,0.042762148971328566,3.2618457476298013,0.10819638912575619,3.3369407653808594,0.20815422417934537,1.0452942980660334,0.0707369420793934,0.6138308048248291,0.09454179627643525
walker2d-friction,2.0,3,1.2125381429990132,0.02424935903189189,0.8600946068763733,0.034700910505029964,3.2614236142900257,0.10940839589038931,3.3352938493092856,0.2077354931999066,1.035259938902325,0.05459640052924858,0.6346789002418518,0.01928368543167124
walker2d-friction,5.0,3,1.2087865703635747,0.031034057833621627,0.8509627381960551,0.03660736836096731,3.2617988189061484,0.10886654766408299,3.336207310358683,0.20804716261681386,1.0510584347777898,0.04618346410476605,0.6750686963399252,0.03295865784685519
