environment,shift,algorithm,mean,sd,median,n
ant-friction,0.1,BC_PAR,13.222088177998861,1.4621953648444184,13.905184268951416,3
ant-friction,0.1,BC_SAC,21.215142091115315,3.085887183538072,20.26506503423055,3
ant-friction,0.1,RLPD,9.933752199014029,2.2675398568902603,9.301638384660086,3
ant-friction,0.5,BC_PAR,10.028158850140041,2.1859798236286796,11.233206748962402,3
ant-friction,0.5,BC_SAC,14.490606890784369,2.675032750736854,15.95996061960856,3
ant-friction,0.5,RLPD,6.179635908868577,2.514956904704827,6.7570273876190186,3
ant-friction,2.0,BC_PAR,13.279988447825113,0.08143637650144007,13.31648850440979,3
ant-friction,2.0,BC_SAC,5.915017578336928,2.2916404822105068,5.851172566413879,3
ant-friction,2.0,RLPD,5.7759314784780145,3.0481969483939326,4.281829995724062,3
ant-friction,5.0,BC_PAR,12.020471546385023,1.95096362642164,11.804009437561035,3
ant-friction,5.0,BC_SAC,7.0324396822187625,0.31972212811011813,7.155134757359822,3
ant-friction,5.0,RLPD,6.000867588652504,1.4178667353041916,6.597695430119832,3
halfcheetah-friction,0.1,BC_PAR,1.1718505124251049,0.1670572877647645,1.1915649846196175,3
halfcheetah-friction,0.1,BC_SAC,0.8200095573233234,0.9231682853643972,1.16926168029507,3
halfcheetah-friction,0.1,RLPD,0.19251673130525482,0.4632190282664674,0.37784332533677417,3
halfcheetah-friction,0.5,BC_PAR,8.312996357679367,1.517872154904436,8.671140184005102,3
halfcheetah-friction,0.5,BC_SAC,13.437455804811584,15.390656957835239,7.270760789513588,3
halfcheetah-friction,0.5,RLPD,4.358677461743355,4.682743031694602,3.9141536156336465,3
halfcheetah-friction,2.0,BC_PAR,2.0384109483824835,0.2088808510570077,2.080294648806254,3
halfcheetah-friction,2.0,BC_SAC,5.439418315887451,1.7117530962631262,4.995003739992778,3
halfcheetah-friction,2.0,RLPD,1.7013005179663498,2.3529135782761523,2.067431513220072,3
halfcheetah-friction,5.0,BC_PAR,1.8944909506373937,0.008941903202911801,1.8965706527233124,3
halfcheetah-friction,5.0,BC_SAC,2.1126877325069575,2.0687501277954707,0.9361869220932325,3
halfcheetah-friction,5.0,RLPD,3.0908151285515886,1.193770634809303,3.511585975686709,3
hopper-friction,0.1,BC_PAR,5.237869593832229,1.6101711749609244,4.5084556341171265,3
hopper-friction,0.1,BC_SAC,7.187630918290879,5.1161569719721465,5.718025167783101,3
hopper-friction,0.1,RLPD,3.129052142302195,1.3807483027248657,2.9120657245318093,3
hopper-friction,0.5,BC_PAR,5.237869593832229,1.6101711749609244,4.5084556341171265,3
hopper-friction,0.5,BC_SAC,7.187630918290879,5.1161569719721465,5.718025167783101,3
hopper-friction,0.5,RLPD,3.129052142302195,1.3807483027248657,2.9120657245318093,3
hopper-friction,2.0,BC_PAR,7.673290305667454,0.15047467831636424,7.636489629745483,3
hopper-friction,2.0,BC_SAC,7.707704689767625,2.069533682212471,8.091859976450602,3
hopper-friction,2.0,RLPD,4.825526634852092,1.3126405995525623,4.127086917559306,3
hopper-friction,5.0,BC_PAR,4.344988339477115,0.9629924876916656,3.933330456415812,3
hopper-friction,5.0,BC_SAC,5.267939633793301,1.938742927050988,4.7155680656433105,3
hopper-friction,5.0,RLPD,3.9124140805668297,0.6492959249883724,4.155271887779236,3
walker2d-friction,0.1,BC_PAR,6.680748039649593,1.892220039232181,7.010645285248756,3
walker2d-friction,0.1,BC_SAC,6.166779227968719,4.52588782908787,4.609749361872673,3
walker2d-friction,0.1,RLPD,4.900619195567237,0.9978015398223159,4.570992112159729,3
walker2d-friction,0.5,BC_PAR,6.995285681966277,2.0602836906788133,7.656095822652181,3
walker2d-friction,0.5,BC_SAC,9.545905980798933,4.420706121438449,8.547832171122232,3
walker2d-friction,0.5,RLPD,4.27177051289214,1.7928841412173488,3.611941767235597,3
walker2d-friction,2.0,BC_PAR,3.590535030596786,1.5938697827723398,4.1825143819053965,3
walker2d-friction,2.0,BC_SAC,4.602460640379125,1.356630089732843,4.6696100036303205,3
walker2d-friction,2.0,RLPD,3.12496566441324,1.2802891394442488,3.4410713016986847,3
walker2d-friction,5.0,BC_PAR,3.0522172739729285,1.4257542225915671,3.269748453050852,3
walker2d-friction,5.0,BC_SAC,3.484693552056948,2.2946016916958447,3.177608698606491,3
walker2d-friction,5.0,RLPD,4.5618455401725235,1.0687745729590037,4.966869451105595,3
