environment,shift,mean_distance_mean,final_distance_mean,mean_src_reward_mean,bcpar_auc,bcsac_auc,rlpd_auc,bcpar_minus_bcsac,bcpar_minus_rlpd,bcpar_advantage
ant-friction,0.1,1.2041550477345784,0.7515496611595154,3.524175312783983,12.538716665903728,21.57166522343954,9.62846265633901,-9.03294855753581,2.910254009564717,-9.03294855753581
ant-friction,0.5,1.182012223535114,0.7022294004758199,3.526389506128099,9.61383196512858,14.56440149943034,6.359780462582907,-4.95056953430176,3.254051502545674,-4.95056953430176
ant-friction,2.0,1.1913493937916224,0.7418149908383688,3.5254558324813843,12.65546449025472,5.919626951217651,5.707724922026197,6.735837539037069,6.947739568228523,6.735837539037069
ant-friction,5.0,1.194465696811676,0.7480756243069967,3.5251441399256387,10.984070460001629,7.0153294404347735,5.983267136414845,3.9687410195668553,5.0008033235867835,3.9687410195668553
halfcheetah-friction,0.1,1.0289273510376613,0.38077312707901,4.726339499155681,1.2745987549424171,0.7744242834548155,0.1799870952963829,0.5001744714876016,1.0946116596460342,0.5001744714876016
halfcheetah-friction,0.5,1.0358213070366118,0.4118206401666004,4.725650019115872,8.17413082520167,12.873095991214116,4.381313507755597,-4.698965166012446,3.7928173174460733,-4.698965166012446
halfcheetah-friction,2.0,1.0417278127537832,0.4231100777784983,4.725059509277344,2.047455624739329,5.542462738355002,1.464310236275196,-3.4950071136156726,0.5831453884641329,-3.4950071136156726
halfcheetah-friction,5.0,1.0569134553273518,0.4380318721135457,4.723540994856093,1.881629687547684,1.8326263729482888,3.2293080180883407,0.04900331459939511,-1.3476783305406568,-1.3476783305406568
hopper-friction,0.1,1.10088649392128,0.718430777390798,3.008234951231215,5.334788862864176,7.052503641446432,2.979908593495687,-1.7177147785822555,2.3548802693684894,-1.7177147785822555
hopper-friction,0.5,1.10088649392128,0.718430777390798,3.008234951231215,5.334788862864176,7.052503641446432,2.979908593495687,-1.7177147785822555,2.3548802693684894,-1.7177147785822555
hopper-friction,2.0,1.068417304091983,0.6203824281692505,3.0114819208780923,7.913345654805501,7.950935848553975,5.116959889729817,-0.03759019374847394,2.7963857650756836,-0.03759019374847394
hopper-friction,5.0,1.0755094488461812,0.6337844729423523,3.0107727448145547,4.571500980854034,5.54772131840388,3.938493132591248,-0.9762203375498464,0.6330078482627859,-0.9762203375498464
walker2d-friction,0.1,1.2123777170976002,0.8690454363822937,3.2614396015803018,7.445898874104023,5.897295083353917,4.988697818915049,1.5486037907501053,2.457201055188974,1.5486037907501053
walker2d-friction,0.5,1.208315776454078,0.8436238964398702,3.2618457476298013,7.367064276585975,9.179526842633884,4.139218996961912,-1.812462566047909,3.227845279624063,-1.812462566047909
walker2d-friction,2.0,1.2125381429990132,0.8600946068763733,3.2614236142900257,3.9926778003573418,4.37492429142197,3.15136899749438,-0.3822464910646284,0.8413088028629616,-0.3822464910646284
walker2d-friction,5.0,1.2087865703635747,0.8509627381960551,3.2617988189061484,3.392363509908319,3.357552836338679,4.692265132069587,0.034810673569640294,-1.299901622161268,-1.299901622161268
