environment,shift,mean_distance_mean,final_distance_mean,mean_src_reward_mean,bcpar_auc,bcsac_auc,rlpd_auc,bcpar_minus_bcsac,bcpar_minus_rlpd,bcpar_advantage,mean_distance_mean_centered,final_distance_mean_centered,mean_src_reward_mean_centered,bcpar_auc_centered,bcsac_auc_centered,rlpd_auc_centered,bcpar_minus_bcsac_centered,bcpar_minus_rlpd_centered,bcpar_advantage_centered,mean_distance_mean_z,final_distance_mean_z,mean_src_reward_mean_z,bcpar_auc_z,bcsac_auc_z,rlpd_auc_z,bcpar_minus_bcsac_z,bcpar_minus_rlpd_z,bcpar_advantage_z
ant-friction,0.1,1.2041550477345784,0.7515496611595154,3.524175312783983,12.538716665903728,21.57166522343954,9.62846265633901,-9.03294855753581,2.910254009564717,-9.03294855753581,0.011159457266330719,0.01563224196434021,-0.0011158850457930747,1.0906957705815632,9.303909444808962,2.70865386199827,-8.213213674227399,-1.6179580914167078,-8.213213674227399,1.411461973394868,0.7910996650151211,-1.4114357371847637,0.8741640149227595,1.4723475381415898,1.7133862741203871,-1.2805941927587692,-1.0073587321275748,-1.2805941927587692
ant-friction,0.5,1.182012223535114,0.7022294004758199,3.526389506128099,9.61383196512858,14.56440149943034,6.359780462582907,-4.95056953430176,3.254051502545674,-4.95056953430176,-0.01098336693313362,-0.03368801871935523,0.0010983082983226922,-1.8341889301935836,2.2966457207997646,-0.5600283317578336,-4.130834650993348,-1.274160598435751,-4.130834650993348,-1.3891898500058548,-1.70484696850903,1.38920365367697,-1.4700542558168852,0.36344514024581437,-0.35425156023609466,-0.6440746673751175,-0.7933065830174046,-0.6440746673751175
ant-friction,2.0,1.1913493937916224,0.7418149908383688,3.5254558324813843,12.65546449025472,5.919626951217651,5.707724922026197,6.735837539037069,6.947739568228523,6.735837539037069,-0.0016461966766252445,0.0058975716431936,0.00016463465160798663,1.2074435949325562,-6.348128827412925,-1.212083872314543,7.555572422345481,2.4195274672470983,7.555572422345481,-0.20821299408492944,0.2984579538863384,0.208239398614152,0.9677343299646378,-1.0045940264457285,-0.7667158580293166,1.17805557614865,1.5064247551799785,1.17805557614865
ant-friction,5.0,1.194465696811676,0.7480756243069967,3.5251441399256387,10.984070460001629,7.0153294404347735,5.983267136414845,3.9687410195668553,5.000803323586784,3.9687410195668553,0.0014701063434283679,0.01215820511182153,-0.0001470579041376041,-0.4639504353205357,-5.252426338195803,-0.9365416579258952,4.788475902875267,0.47259122260535946,4.788475902875267,0.18594087069594442,0.6152893496075761,-0.18600731510635835,-0.37184408907051203,-0.8311986519416759,-0.5924188558549769,0.7466132839852367,0.29424055996500037,0.7466132839852367
halfcheetah-friction,0.1,1.0289273510376613,0.38077312707901,4.726339499155681,1.2745987549424171,0.7744242834548155,0.1799870952963829,0.5001744714876016,1.0946116596460342,0.5001744714876016,-0.011920130501190673,-0.03266080220540357,0.0011919935544328908,-2.069854968165358,-4.481228063038239,-2.133742619057496,2.411373094872882,0.06388765089213844,2.7605435061578953,-1.1547358843338822,-1.5535083172072124,1.1547760316269708,-0.7383851358639371,-0.9452184152438173,-1.3240833042316407,1.0800958216950125,0.03478844838417588,1.3835317770582454
halfcheetah-friction,0.5,1.0358213070366118,0.4118206401666004,4.725650019115872,8.17413082520167,12.873095991214116,4.381313507755597,-4.698965166012446,3.792817317446073,-4.698965166012446,-0.005026174502240188,-0.0016132891178131659,0.0005025135146246029,4.829677102093895,7.617443644721061,2.067583793401718,-2.7877665426271654,2.762093308692177,-2.4385961313421523,-0.48689937229135166,-0.07673596156091937,0.48682357391873887,1.7229041831706011,1.6067354548321477,1.2830287760537848,-1.248688973496025,1.5040299519533498,-1.2221778905484106
halfcheetah-friction,2.0,1.0417278127537832,0.4231100777784983,4.725059509277344,2.047455624739329,5.542462738355002,1.464310236275196,-3.4950071136156726,0.5831453884641329,-3.4950071136156726,0.0008803312149312514,0.009676148494084713,-8.799632390399381e-05,-1.2969980983684462,0.28681039186194646,-0.849419478078683,-1.5838084902303922,-0.4475786202897629,-1.234638078945379,0.08528011030406242,0.46024519145477927,-0.08524882147031485,-0.4626817491120687,0.06049646665101989,-0.527103006317573,-0.7094152855483825,-0.24371792533268857,-0.6187770674784563
halfcheetah-friction,5.0,1.0569134553273518,0.4380318721135457,4.723540994856093,1.881629687547684,1.8326263729482888,3.2293080180883407,0.0490033145993951,-1.3476783305406568,-1.3476783305406568,0.016065973788499832,0.024597942829132136,-0.001606510745154388,-1.4628240355600912,-3.4230259735447666,0.9155783037344616,1.9602019379846756,-2.378402339294553,0.9126907041296368,1.5563551463211929,1.1699990873133577,-1.5563507840762552,-0.5218372981945953,-0.7220135062393499,0.568157534495429,0.8780084373493952,-1.2951004750048374,0.4574231809686221
hopper-friction,0.1,1.10088649392128,0.718430777390798,3.008234951231215,5.334788862864176,7.052503641446432,2.979908593495687,-1.7177147785822555,2.3548802693684894,-1.7177147785822555,0.01928207830146511,0.06089821788999772,-0.001928254410072494,-0.6050896366437266,0.2021167053116697,-1.031878611776564,-0.8072063419553969,0.4267889751328364,-0.8072063419553969,1.383366196491685,1.4029344018233312,-1.3833708711034136,-0.4231926191618767,0.20385702790284968,-1.180658682454687,-1.1741524147814464,0.45727460918024043,-1.1741524147814464
hopper-friction,2.0,1.068417304091983,0.6203824281692505,3.0114819208780923,7.913345654805501,7.950935848553975,5.116959889729817,-0.0375901937484739,2.796385765075684,-0.0375901937484739,-0.013187111527831696,-0.03715013133154976,0.0013187152368048238,1.9734671552975982,1.100548912419213,1.1051726844575667,0.8729182428783847,0.8682944708400311,0.8729182428783847,-0.9460911853875243,-0.8558410916298147,0.9460744579899333,1.3802198611642464,1.1100251708612268,1.2645205653309148,1.2697361374782987,0.9303169433633072,1.2697361374782987
hopper-friction,5.0,1.0755094488461812,0.6337844729423523,3.0107727448145547,4.571500980854034,5.54772131840388,3.938493132591248,-0.9762203375498464,0.6330078482627859,-0.9762203375498464,-0.006094966773633637,-0.023748086558447956,0.0006095391732672262,-1.368377518653869,-1.3026656177308817,-0.07329407268100274,-0.06571190092298773,-1.295083445972867,-0.06571190092298773,-0.4372750111041767,-0.5470933101935164,0.43729641311316164,-0.9570272420023679,-1.3138821987640754,-0.08386188287622783,-0.09558372269685231,-1.3875915525435472,-0.09558372269685231
walker2d-friction,0.1,1.2123777170976002,0.8690454363822937,3.2614396015803018,7.445898874104023,5.897295083353917,4.988697818915049,1.5486037907501051,2.457201055188974,1.5486037907501051,0.0018731653690335914,0.01311376690864563,-0.00018734402126741045,1.896397758865108,0.1949703199168047,0.7458100825548168,1.701427438948303,1.1505876763102911,2.0351055128810303,0.955074069751552,1.3719241855571709,-0.9552397409575552,1.0145081165464145,0.0885568110583767,1.0653524544478337,1.4206833420445781,0.6635898226613672,1.587660851284299
walker2d-friction,0.5,1.208315776454078,0.8436238964398702,3.2618457476298013,7.367064276585975,9.179526842633884,4.139218996961912,-1.812462566047909,3.227845279624063,-1.812462566047909,-0.0021887752744886857,-0.012307773033777836,0.00021880202823210126,1.81756316134706,3.477202079196771,-0.10366873939832022,-1.659638917849711,1.9212319007453802,-1.3259608439169839,-1.1159946386666255,-1.2876034485755596,1.1156395136361805,0.9723342958524941,1.5793682221510388,-0.148085616634709,-1.3857901374009847,1.1080510964582675,-1.0344309466503576
walker2d-friction,2.0,1.2125381429990132,0.8600946068763733,3.2614236142900257,3.9926778003573418,4.37492429142197,3.15136899749438,-0.3822464910646284,0.8413088028629616,-0.3822464910646284,0.0020335912704465553,0.00416293740272522,-0.0002033313115434865,-1.5568233148815729,-1.3274004720151424,-1.0915187388658518,-0.22942284286643036,-0.46530457601572106,0.1042552310662967,1.0368707018530143,0.435514413634574,-1.036756593849987,-0.8328473715984783,-0.6029140889198144,-1.5591800040341637,-0.19156691827323458,-0.26835971516048585,0.08133334997025979
walker2d-friction,5.0,1.2087865703635747,0.8509627381960551,3.2617988189061484,3.392363509908319,3.357552836338679,4.692265132069587,0.0348106735696402,-1.299901622161268,-1.299901622161268,-0.0017179813649919051,-0.004968931277593014,0.00017187330457923977,-2.1571376053305955,-2.3447719270984337,0.4493773957093552,0.18763432176783823,-2.6065150010399507,-0.8133999000303429,-0.875950132938167,-0.5198351506161853,0.8763568211736258,-1.1539950408004305,-1.0650109442896014,0.641913166221039,0.15667371362964114,-1.5032812039591492,-0.6345632546042007
