environment,shift,algorithm,seed,step,target_normalized_score
ant-friction,0.1,BC_PAR,0,1000,15.904004096984863
ant-friction,0.1,BC_PAR,0,2000,15.91569995880127
ant-friction,0.1,BC_PAR,0,3000,15.910590171813965
ant-friction,0.1,BC_PAR,0,4000,15.90596866607666
ant-friction,0.1,BC_PAR,0,5000,15.943763732910156
ant-friction,0.1,BC_PAR,0,6000,10.665534019470215
ant-friction,0.1,BC_PAR,0,7000,11.64663028717041
ant-friction,0.1,BC_PAR,0,8000,14.532123565673828
ant-friction,0.1,BC_PAR,0,9000,11.501378059387207
ant-friction,0.1,BC_PAR,0,10000,19.14167594909668
ant-friction,0.1,BC_PAR,1,1000,15.948583602905273
ant-friction,0.1,BC_PAR,1,2000,15.944729804992676
ant-friction,0.1,BC_PAR,1,3000,15.9415922164917
ant-friction,0.1,BC_PAR,1,4000,15.941788673400879
ant-friction,0.1,BC_PAR,1,5000,15.960538864135742
ant-friction,0.1,BC_PAR,1,6000,10.365921020507812
ant-friction,0.1,BC_PAR,1,7000,12.337698936462402
ant-friction,0.1,BC_PAR,1,8000,7.458828926086426
ant-friction,0.1,BC_PAR,1,9000,18.76921844482422
ant-friction,0.1,BC_PAR,1,10000,20.414113998413086
ant-friction,0.1,BC_PAR,2,1000,15.94916820526123
ant-friction,0.1,BC_PAR,2,2000,15.958572387695312
ant-friction,0.1,BC_PAR,2,3000,15.945056915283203
ant-friction,0.1,BC_PAR,2,4000,15.94328784942627
ant-friction,0.1,BC_PAR,2,5000,16.000320434570312
ant-friction,0.1,BC_PAR,2,6000,11.179779052734375
ant-friction,0.1,BC_PAR,2,7000,9.626971244812012
ant-friction,0.1,BC_PAR,2,8000,11.66576862335205
ant-friction,0.1,BC_PAR,2,9000,8.414060592651367
ant-friction,0.1,BC_PAR,2,10000,12.373261451721191
ant-friction,0.1,BC_SAC,0,1000,15.904004096984863
ant-friction,0.1,BC_SAC,0,2000,11.183155059814453
ant-friction,0.1,BC_SAC,0,3000,23.890520095825195
ant-friction,0.1,BC_SAC,0,4000,11.886137962341309
ant-friction,0.1,BC_SAC,0,5000,9.865735054016113
ant-friction,0.1,BC_SAC,0,6000,16.877246856689453
ant-friction,0.1,BC_SAC,0,7000,22.832448959350586
ant-friction,0.1,BC_SAC,0,8000,25.589935302734375
ant-friction,0.1,BC_SAC,0,9000,14.460819244384766
ant-friction,0.1,BC_SAC,0,10000,31.964204788208008
ant-friction,0.1,BC_SAC,1,1000,15.948583602905273
ant-friction,0.1,BC_SAC,1,2000,11.744856834411621
ant-friction,0.1,BC_SAC,1,3000,7.230273246765137
ant-friction,0.1,BC_SAC,1,4000,15.355958938598633
ant-friction,0.1,BC_SAC,1,5000,17.574792861938477
ant-friction,0.1,BC_SAC,1,6000,18.414630889892578
ant-friction,0.1,BC_SAC,1,7000,19.95819854736328
ant-friction,0.1,BC_SAC,1,8000,18.11943817138672
ant-friction,0.1,BC_SAC,1,9000,24.27327537536621
ant-friction,0.1,BC_SAC,1,10000,13.955699920654297
ant-friction,0.1,BC_SAC,2,1000,15.94916820526123
ant-friction,0.1,BC_SAC,2,2000,11.519076347351074
ant-friction,0.1,BC_SAC,2,3000,6.937919616699219
ant-friction,0.1,BC_SAC,2,4000,20.186830520629883
ant-friction,0.1,BC_SAC,2,5000,29.63031768798828
ant-friction,0.1,BC_SAC,2,6000,26.509225845336914
ant-friction,0.1,BC_SAC,2,7000,17.48845100402832
ant-friction,0.1,BC_SAC,2,8000,44.435665130615234
ant-friction,0.1,BC_SAC,2,9000,16.318063735961914
ant-friction,0.1,BC_SAC,2,10000,13.604408264160156
ant-friction,0.1,RLPD,0,1000,15.97280502319336
ant-friction,0.1,RLPD,0,2000,3.6902201175689697
ant-friction,0.1,RLPD,0,3000,-2.7130298614501953
ant-friction,0.1,RLPD,0,4000,-0.8709767460823059
ant-friction,0.1,RLPD,0,5000,5.915911674499512
ant-friction,0.1,RLPD,0,6000,13.185912132263184
ant-friction,0.1,RLPD,0,7000,9.553897857666016
ant-friction,0.1,RLPD,0,8000,10.913101196289062
ant-friction,0.1,RLPD,0,9000,13.424935340881348
ant-friction,0.1,RLPD,0,10000,21.70790672302246
ant-friction,0.1,RLPD,1,1000,15.856463432312012
ant-friction,0.1,RLPD,1,2000,2.3875887393951416
ant-friction,0.1,RLPD,1,3000,-4.295381546020508
ant-friction,0.1,RLPD,1,4000,4.026660442352295
ant-friction,0.1,RLPD,1,5000,1.7672863006591797
ant-friction,0.1,RLPD,1,6000,-1.5488944053649902
ant-friction,0.1,RLPD,1,7000,-2.912829875946045
ant-friction,0.1,RLPD,1,8000,17.105440139770508
ant-friction,0.1,RLPD,1,9000,23.433446884155273
ant-friction,0.1,RLPD,1,10000,10.451595306396484
ant-friction,0.1,RLPD,2,1000,16.016658782958984
ant-friction,0.1,RLPD,2,2000,6.499404430389404
ant-friction,0.1,RLPD,2,3000,-0.8589627146720886
ant-friction,0.1,RLPD,2,4000,-0.3061274588108063
ant-friction,0.1,RLPD,2,5000,7.216091632843018
ant-friction,0.1,RLPD,2,6000,1.0489715337753296
ant-friction,0.1,RLPD,2,7000,3.718600034713745
ant-friction,0.1,RLPD,2,8000,12.845051765441895
ant-friction,0.1,RLPD,2,9000,9.278707504272461
ant-friction,0.1,RLPD,2,10000,21.702407836914062
ant-friction,0.5,BC_PAR,0,1000,15.227012634277344
ant-friction,0.5,BC_PAR,0,2000,15.235352516174316
ant-friction,0.5,BC_PAR,0,3000,15.236888885498047
ant-friction,0.5,BC_PAR,0,4000,15.22335433959961
ant-friction,0.5,BC_PAR,0,5000,15.27464485168457
ant-friction,0.5,BC_PAR,0,6000,8.94258975982666
ant-friction,0.5,BC_PAR,0,7000,11.663168907165527
ant-friction,0.5,BC_PAR,0,8000,12.633827209472656
ant-friction,0.5,BC_PAR,0,9000,8.933716773986816
ant-friction,0.5,BC_PAR,0,10000,10.630552291870117
ant-friction,0.5,BC_PAR,1,1000,15.27696418762207
ant-friction,0.5,BC_PAR,1,2000,15.277081489562988
ant-friction,0.5,BC_PAR,1,3000,15.274612426757812
ant-friction,0.5,BC_PAR,1,4000,15.273955345153809
ant-friction,0.5,BC_PAR,1,5000,15.302175521850586
ant-friction,0.5,BC_PAR,1,6000,12.423380851745605
ant-friction,0.5,BC_PAR,1,7000,7.574756622314453
ant-friction,0.5,BC_PAR,1,8000,10.67318344116211
ant-friction,0.5,BC_PAR,1,9000,10.827974319458008
ant-friction,0.5,BC_PAR,1,10000,10.597769737243652
ant-friction,0.5,BC_PAR,2,1000,15.284756660461426
ant-friction,0.5,BC_PAR,2,2000,15.278931617736816
ant-friction,0.5,BC_PAR,2,3000,15.280033111572266
ant-friction,0.5,BC_PAR,2,4000,15.26977825164795
ant-friction,0.5,BC_PAR,2,5000,15.347328186035156
ant-friction,0.5,BC_PAR,2,6000,9.625295639038086
ant-friction,0.5,BC_PAR,2,7000,4.545108795166016
ant-friction,0.5,BC_PAR,2,8000,4.528866291046143
ant-friction,0.5,BC_PAR,2,9000,5.53623104095459
ant-friction,0.5,BC_PAR,2,10000,5.4462890625
ant-friction,0.5,BC_SAC,0,1000,15.227012634277344
ant-friction,0.5,BC_SAC,0,2000,11.252960205078125
ant-friction,0.5,BC_SAC,0,3000,8.554107666015625
ant-friction,0.5,BC_SAC,0,4000,6.2806077003479
ant-friction,0.5,BC_SAC,0,5000,10.033760070800781
ant-friction,0.5,BC_SAC,0,6000,6.908773899078369
ant-friction,0.5,BC_SAC,0,7000,13.774847984313965
ant-friction,0.5,BC_SAC,0,8000,14.97136402130127
ant-friction,0.5,BC_SAC,0,9000,35.42534637451172
ant-friction,0.5,BC_SAC,0,10000,15.539412498474121
ant-friction,0.5,BC_SAC,1,1000,15.27696418762207
ant-friction,0.5,BC_SAC,1,2000,10.608535766601562
ant-friction,0.5,BC_SAC,1,3000,21.839794158935547
ant-friction,0.5,BC_SAC,1,4000,11.029687881469727
ant-friction,0.5,BC_SAC,1,5000,8.521149635314941
ant-friction,0.5,BC_SAC,1,6000,17.912063598632812
ant-friction,0.5,BC_SAC,1,7000,4.6019392013549805
ant-friction,0.5,BC_SAC,1,8000,8.75273323059082
ant-friction,0.5,BC_SAC,1,9000,25.931379318237305
ant-friction,0.5,BC_SAC,1,10000,30.040498733520508
ant-friction,0.5,BC_SAC,2,1000,15.284756660461426
ant-friction,0.5,BC_SAC,2,2000,9.422294616699219
ant-friction,0.5,BC_SAC,2,3000,7.932336807250977
ant-friction,0.5,BC_SAC,2,4000,8.080496788024902
ant-friction,0.5,BC_SAC,2,5000,6.173810005187988
ant-friction,0.5,BC_SAC,2,6000,7.979626178741455
ant-friction,0.5,BC_SAC,2,7000,12.327672958374023
ant-friction,0.5,BC_SAC,2,8000,16.357418060302734
ant-friction,0.5,BC_SAC,2,9000,11.15795612335205
ant-friction,0.5,BC_SAC,2,10000,14.421172142028809
ant-friction,0.5,RLPD,0,1000,15.30500602722168
ant-friction,0.5,RLPD,0,2000,3.5355992317199707
ant-friction,0.5,RLPD,0,3000,-2.5732812881469727
ant-friction,0.5,RLPD,0,4000,-3.8698105812072754
ant-friction,0.5,RLPD,0,5000,6.664143085479736
ant-friction,0.5,RLPD,0,6000,7.944410800933838
ant-friction,0.5,RLPD,0,7000,8.842793464660645
ant-friction,0.5,RLPD,0,8000,8.0075044631958
ant-friction,0.5,RLPD,0,9000,4.430807590484619
ant-friction,0.5,RLPD,0,10000,4.652504920959473
ant-friction,0.5,RLPD,1,1000,15.186969757080078
ant-friction,0.5,RLPD,1,2000,1.1478276252746582
ant-friction,0.5,RLPD,1,3000,-1.8122938871383667
ant-friction,0.5,RLPD,1,4000,1.4575529098510742
ant-friction,0.5,RLPD,1,5000,5.03073787689209
ant-friction,0.5,RLPD,1,6000,5.058588981628418
ant-friction,0.5,RLPD,1,7000,5.074289798736572
ant-friction,0.5,RLPD,1,8000,5.4145660400390625
ant-friction,0.5,RLPD,1,9000,-2.3393068313598633
ant-friction,0.5,RLPD,1,10000,2.3182895183563232
ant-friction,0.5,RLPD,2,1000,15.335281372070312
ant-friction,0.5,RLPD,2,2000,-2.3170456886291504
ant-friction,0.5,RLPD,2,3000,8.88652515411377
ant-friction,0.5,RLPD,2,4000,2.891348123550415
ant-friction,0.5,RLPD,2,5000,1.9433789253234863
ant-friction,0.5,RLPD,2,6000,5.338713645935059
ant-friction,0.5,RLPD,2,7000,13.423816680908203
ant-friction,0.5,RLPD,2,8000,9.99267578125
ant-friction,0.5,RLPD,2,9000,8.37110710144043
ant-friction,0.5,RLPD,2,10000,11.064424514770508
ant-friction,2.0,BC_PAR,0,1000,23.927021026611328
ant-friction,2.0,BC_PAR,0,2000,23.970333099365234
ant-friction,2.0,BC_PAR,0,3000,23.957927703857422
ant-friction,2.0,BC_PAR,0,4000,23.939376831054688
ant-friction,2.0,BC_PAR,0,5000,23.974895477294922
ant-friction,2.0,BC_PAR,0,6000,18.217350006103516
ant-friction,2.0,BC_PAR,0,7000,7.415504455566406
ant-friction,2.0,BC_PAR,0,8000,8.399089813232422
ant-friction,2.0,BC_PAR,0,9000,11.387381553649902
ant-friction,2.0,BC_PAR,0,10000,9.72590160369873
ant-friction,2.0,BC_PAR,1,1000,23.997114181518555
ant-friction,2.0,BC_PAR,1,2000,24.00235939025879
ant-friction,2.0,BC_PAR,1,3000,23.98602867126465
ant-friction,2.0,BC_PAR,1,4000,23.994638442993164
ant-friction,2.0,BC_PAR,1,5000,24.023263931274414
ant-friction,2.0,BC_PAR,1,6000,7.419039249420166
ant-friction,2.0,BC_PAR,1,7000,14.119739532470703
ant-friction,2.0,BC_PAR,1,8000,12.503877639770508
ant-friction,2.0,BC_PAR,1,9000,13.538185119628906
ant-friction,2.0,BC_PAR,1,10000,8.416632652282715
ant-friction,2.0,BC_PAR,2,1000,24.007299423217773
ant-friction,2.0,BC_PAR,2,2000,23.98554801940918
ant-friction,2.0,BC_PAR,2,3000,24.010684967041016
ant-friction,2.0,BC_PAR,2,4000,23.998870849609375
ant-friction,2.0,BC_PAR,2,5000,24.102554321289062
ant-friction,2.0,BC_PAR,2,6000,17.463106155395508
ant-friction,2.0,BC_PAR,2,7000,12.17729663848877
ant-friction,2.0,BC_PAR,2,8000,7.440322399139404
ant-friction,2.0,BC_PAR,2,9000,10.54325008392334
ant-friction,2.0,BC_PAR,2,10000,8.172401428222656
ant-friction,2.0,BC_SAC,0,1000,23.927021026611328
ant-friction,2.0,BC_SAC,0,2000,20.500211715698242
ant-friction,2.0,BC_SAC,0,3000,7.86931848526001
ant-friction,2.0,BC_SAC,0,4000,8.327378273010254
ant-friction,2.0,BC_SAC,0,5000,8.037436485290527
ant-friction,2.0,BC_SAC,0,6000,9.271285057067871
ant-friction,2.0,BC_SAC,0,7000,7.44597864151001
ant-friction,2.0,BC_SAC,0,8000,7.350654125213623
ant-friction,2.0,BC_SAC,0,9000,6.921833038330078
ant-friction,2.0,BC_SAC,0,10000,10.400293350219727
ant-friction,2.0,BC_SAC,1,1000,23.997114181518555
ant-friction,2.0,BC_SAC,1,2000,13.903151512145996
ant-friction,2.0,BC_SAC,1,3000,10.434199333190918
ant-friction,2.0,BC_SAC,1,4000,9.722448348999023
ant-friction,2.0,BC_SAC,1,5000,9.009014129638672
ant-friction,2.0,BC_SAC,1,6000,6.787116527557373
ant-friction,2.0,BC_SAC,1,7000,6.621371269226074
ant-friction,2.0,BC_SAC,1,8000,4.460666179656982
ant-friction,2.0,BC_SAC,1,9000,3.5956828594207764
ant-friction,2.0,BC_SAC,1,10000,4.633184432983398
ant-friction,2.0,BC_SAC,2,1000,24.007299423217773
ant-friction,2.0,BC_SAC,2,2000,19.375110626220703
ant-friction,2.0,BC_SAC,2,3000,9.484160423278809
ant-friction,2.0,BC_SAC,2,4000,5.702348709106445
ant-friction,2.0,BC_SAC,2,5000,8.160299301147461
ant-friction,2.0,BC_SAC,2,6000,5.218964576721191
ant-friction,2.0,BC_SAC,2,7000,6.46521520614624
ant-friction,2.0,BC_SAC,2,8000,4.580465793609619
ant-friction,2.0,BC_SAC,2,9000,2.399258852005005
ant-friction,2.0,BC_SAC,2,10000,-4.888403415679932
ant-friction,2.0,RLPD,0,1000,24.017786026000977
ant-friction,2.0,RLPD,0,2000,1.0800695419311523
ant-friction,2.0,RLPD,0,3000,6.690219402313232
ant-friction,2.0,RLPD,0,4000,0.565139651298523
ant-friction,2.0,RLPD,0,5000,5.8332014083862305
ant-friction,2.0,RLPD,0,6000,6.157974720001221
ant-friction,2.0,RLPD,0,7000,6.613888263702393
ant-friction,2.0,RLPD,0,8000,2.1629676818847656
ant-friction,2.0,RLPD,0,9000,-0.018802626058459282
ant-friction,2.0,RLPD,0,10000,4.941750526428223
ant-friction,2.0,RLPD,1,1000,23.857177734375
ant-friction,2.0,RLPD,1,2000,-7.031935691833496
ant-friction,2.0,RLPD,1,3000,-4.99496603012085
ant-friction,2.0,RLPD,1,4000,2.186237096786499
ant-friction,2.0,RLPD,1,5000,7.372325897216797
ant-friction,2.0,RLPD,1,6000,7.477996349334717
ant-friction,2.0,RLPD,1,7000,6.78291654586792
ant-friction,2.0,RLPD,1,8000,6.817807674407959
ant-friction,2.0,RLPD,1,9000,11.694238662719727
ant-friction,2.0,RLPD,1,10000,15.552227973937988
ant-friction,2.0,RLPD,2,1000,24.025449752807617
ant-friction,2.0,RLPD,2,2000,-5.29551362991333
ant-friction,2.0,RLPD,2,3000,5.605188369750977
ant-friction,2.0,RLPD,2,4000,6.0967888832092285
ant-friction,2.0,RLPD,2,5000,5.626316070556641
ant-friction,2.0,RLPD,2,6000,6.047389030456543
ant-friction,2.0,RLPD,2,7000,6.554685115814209
ant-friction,2.0,RLPD,2,8000,4.863844871520996
ant-friction,2.0,RLPD,2,9000,2.110074758529663
ant-friction,2.0,RLPD,2,10000,-2.6240363121032715
ant-friction,5.0,BC_PAR,0,1000,26.991540908813477
ant-friction,5.0,BC_PAR,0,2000,27.01146125793457
ant-friction,5.0,BC_PAR,0,3000,26.9995059967041
ant-friction,5.0,BC_PAR,0,4000,26.98902130126953
ant-friction,5.0,BC_PAR,0,5000,27.101350784301758
ant-friction,5.0,BC_PAR,0,6000,16.75267791748047
ant-friction,5.0,BC_PAR,0,7000,6.412182331085205
ant-friction,5.0,BC_PAR,0,8000,6.698509216308594
ant-friction,5.0,BC_PAR,0,9000,7.3441901206970215
ant-friction,5.0,BC_PAR,0,10000,6.515146255493164
ant-friction,5.0,BC_PAR,1,1000,27.046192169189453
ant-friction,5.0,BC_PAR,1,2000,27.05110740661621
ant-friction,5.0,BC_PAR,1,3000,27.04176139831543
ant-friction,5.0,BC_PAR,1,4000,27.041650772094727
ant-friction,5.0,BC_PAR,1,5000,27.058685302734375
ant-friction,5.0,BC_PAR,1,6000,15.877663612365723
ant-friction,5.0,BC_PAR,1,7000,7.065873622894287
ant-friction,5.0,BC_PAR,1,8000,15.035723686218262
ant-friction,5.0,BC_PAR,1,9000,10.587113380432129
ant-friction,5.0,BC_PAR,1,10000,8.798774719238281
ant-friction,5.0,BC_PAR,2,1000,27.118528366088867
ant-friction,5.0,BC_PAR,2,2000,27.090139389038086
ant-friction,5.0,BC_PAR,2,3000,27.109825134277344
ant-friction,5.0,BC_PAR,2,4000,27.110292434692383
ant-friction,5.0,BC_PAR,2,5000,27.17578887939453
ant-friction,5.0,BC_PAR,2,6000,6.792015552520752
ant-friction,5.0,BC_PAR,2,7000,6.81854772567749
ant-friction,5.0,BC_PAR,2,8000,6.7722883224487305
ant-friction,5.0,BC_PAR,2,9000,6.996840476989746
ant-friction,5.0,BC_PAR,2,10000,6.565115928649902
ant-friction,5.0,BC_SAC,0,1000,26.991540908813477
ant-friction,5.0,BC_SAC,0,2000,18.3387508392334
ant-friction,5.0,BC_SAC,0,3000,8.175911903381348
ant-friction,5.0,BC_SAC,0,4000,6.6705641746521
ant-friction,5.0,BC_SAC,0,5000,5.525444507598877
ant-friction,5.0,BC_SAC,0,6000,6.771349906921387
ant-friction,5.0,BC_SAC,0,7000,7.128942489624023
ant-friction,5.0,BC_SAC,0,8000,6.94441032409668
ant-friction,5.0,BC_SAC,0,9000,7.557342529296875
ant-friction,5.0,BC_SAC,0,10000,9.003318786621094
ant-friction,5.0,BC_SAC,1,1000,27.046192169189453
ant-friction,5.0,BC_SAC,1,2000,21.014848709106445
ant-friction,5.0,BC_SAC,1,3000,7.036567687988281
ant-friction,5.0,BC_SAC,1,4000,7.187260150909424
ant-friction,5.0,BC_SAC,1,5000,7.189748287200928
ant-friction,5.0,BC_SAC,1,6000,6.6750383377075195
ant-friction,5.0,BC_SAC,1,7000,6.681844711303711
ant-friction,5.0,BC_SAC,1,8000,6.7645368576049805
ant-friction,5.0,BC_SAC,1,9000,6.394259929656982
ant-friction,5.0,BC_SAC,1,10000,6.311831951141357
ant-friction,5.0,BC_SAC,2,1000,27.118528366088867
ant-friction,5.0,BC_SAC,2,2000,19.765270233154297
ant-friction,5.0,BC_SAC,2,3000,7.150114059448242
ant-friction,5.0,BC_SAC,2,4000,6.5172624588012695
ant-friction,5.0,BC_SAC,2,5000,8.022719383239746
ant-friction,5.0,BC_SAC,2,6000,7.107490062713623
ant-friction,5.0,BC_SAC,2,7000,7.122275352478027
ant-friction,5.0,BC_SAC,2,8000,7.52449369430542
ant-friction,5.0,BC_SAC,2,9000,7.20398473739624
ant-friction,5.0,BC_SAC,2,10000,6.654882431030273
ant-friction,5.0,RLPD,0,1000,27.106592178344727
ant-friction,5.0,RLPD,0,2000,-5.999363899230957
ant-friction,5.0,RLPD,0,3000,7.344911098480225
ant-friction,5.0,RLPD,0,4000,6.363675117492676
ant-friction,5.0,RLPD,0,5000,6.932872772216797
ant-friction,5.0,RLPD,0,6000,5.053966045379639
ant-friction,5.0,RLPD,0,7000,3.5687904357910156
ant-friction,5.0,RLPD,0,8000,7.325295448303223
ant-friction,5.0,RLPD,0,9000,0.4037565588951111
ant-friction,5.0,RLPD,0,10000,3.008237600326538
ant-friction,5.0,RLPD,1,1000,26.912471771240234
ant-friction,5.0,RLPD,1,2000,-7.850739002227783
ant-friction,5.0,RLPD,1,3000,6.093138217926025
ant-friction,5.0,RLPD,1,4000,6.132088661193848
ant-friction,5.0,RLPD,1,5000,6.721898555755615
ant-friction,5.0,RLPD,1,6000,6.472755432128906
ant-friction,5.0,RLPD,1,7000,4.674427032470703
ant-friction,5.0,RLPD,1,8000,10.384306907653809
ant-friction,5.0,RLPD,1,9000,7.181027889251709
ant-friction,5.0,RLPD,1,10000,6.702109336853027
ant-friction,5.0,RLPD,2,1000,27.108518600463867
ant-friction,5.0,RLPD,2,2000,0.25451943278312683
ant-friction,5.0,RLPD,2,3000,2.6912286281585693
ant-friction,5.0,RLPD,2,4000,6.912952423095703
ant-friction,5.0,RLPD,2,5000,6.434253692626953
ant-friction,5.0,RLPD,2,6000,6.86410665512085
ant-friction,5.0,RLPD,2,7000,6.690367698669434
ant-friction,5.0,RLPD,2,8000,6.4317216873168945
ant-friction,5.0,RLPD,2,9000,6.431875705718994
ant-friction,5.0,RLPD,2,10000,6.733847141265869
halfcheetah-friction,0.1,BC_PAR,0,1000,0.6652398109436035
halfcheetah-friction,0.1,BC_PAR,0,2000,0.6614154577255249
halfcheetah-friction,0.1,BC_PAR,0,3000,0.6613321304321289
halfcheetah-friction,0.1,BC_PAR,0,4000,0.6604927182197571
halfcheetah-friction,0.1,BC_PAR,0,5000,0.6658888459205627
halfcheetah-friction,0.1,BC_PAR,0,6000,0.6493915319442749
halfcheetah-friction,0.1,BC_PAR,0,7000,0.5521380305290222
halfcheetah-friction,0.1,BC_PAR,0,8000,1.5009816884994507
halfcheetah-friction,0.1,BC_PAR,0,9000,2.7755703926086426
halfcheetah-friction,0.1,BC_PAR,0,10000,-0.16910617053508759
halfcheetah-friction,0.1,BC_PAR,1,1000,0.6632708311080933
halfcheetah-friction,0.1,BC_PAR,1,2000,0.6629844307899475
halfcheetah-friction,0.1,BC_PAR,1,3000,0.6598234176635742
halfcheetah-friction,0.1,BC_PAR,1,4000,0.6630769371986389
halfcheetah-friction,0.1,BC_PAR,1,5000,0.6627838611602783
halfcheetah-friction,0.1,BC_PAR,1,6000,0.5907293558120728
halfcheetah-friction,0.1,BC_PAR,1,7000,1.085772156715393
halfcheetah-friction,0.1,BC_PAR,1,8000,3.3966288566589355
halfcheetah-friction,0.1,BC_PAR,1,9000,-0.15602310001850128
halfcheetah-friction,0.1,BC_PAR,1,10000,1.5694987773895264
halfcheetah-friction,0.1,BC_PAR,2,1000,0.6636991500854492
halfcheetah-friction,0.1,BC_PAR,2,2000,0.6608709692955017
halfcheetah-friction,0.1,BC_PAR,2,3000,0.6604524850845337
halfcheetah-friction,0.1,BC_PAR,2,4000,0.6611368060112
halfcheetah-friction,0.1,BC_PAR,2,5000,0.6674957275390625
halfcheetah-friction,0.1,BC_PAR,2,6000,0.6593850255012512
halfcheetah-friction,0.1,BC_PAR,2,7000,4.668215751647949
halfcheetah-friction,0.1,BC_PAR,2,8000,0.7652609944343567
halfcheetah-friction,0.1,BC_PAR,2,9000,0.6566027402877808
halfcheetah-friction,0.1,BC_PAR,2,10000,0.5520947575569153
halfcheetah-friction,0.1,BC_SAC,0,1000,0.6652398109436035
halfcheetah-friction,0.1,BC_SAC,0,2000,0.6485564708709717
halfcheetah-friction,0.1,BC_SAC,0,3000,0.965476393699646
halfcheetah-friction,0.1,BC_SAC,0,4000,4.701733112335205
halfcheetah-friction,0.1,BC_SAC,0,5000,0.9631999731063843
halfcheetah-friction,0.1,BC_SAC,0,6000,0.992364227771759
halfcheetah-friction,0.1,BC_SAC,0,7000,1.2958306074142456
halfcheetah-friction,0.1,BC_SAC,0,8000,0.5945892333984375
halfcheetah-friction,0.1,BC_SAC,0,9000,2.2417092323303223
halfcheetah-friction,0.1,BC_SAC,0,10000,3.017890453338623
halfcheetah-friction,0.1,BC_SAC,1,1000,0.6632708311080933
halfcheetah-friction,0.1,BC_SAC,1,2000,0.6412078142166138
halfcheetah-friction,0.1,BC_SAC,1,3000,5.481786727905273
halfcheetah-friction,0.1,BC_SAC,1,4000,1.1173869371414185
halfcheetah-friction,0.1,BC_SAC,1,5000,0.07375768572092056
halfcheetah-friction,0.1,BC_SAC,1,6000,0.7179660797119141
halfcheetah-friction,0.1,BC_SAC,1,7000,1.7935036420822144
halfcheetah-friction,0.1,BC_SAC,1,8000,1.3990153074264526
halfcheetah-friction,0.1,BC_SAC,1,9000,1.5403544902801514
halfcheetah-friction,0.1,BC_SAC,1,10000,1.490972876548767
halfcheetah-friction,0.1,BC_SAC,2,1000,0.6636991500854492
halfcheetah-friction,0.1,BC_SAC,2,2000,0.6431615352630615
halfcheetah-friction,0.1,BC_SAC,2,3000,0.5582950711250305
halfcheetah-friction,0.1,BC_SAC,2,4000,6.824670314788818
halfcheetah-friction,0.1,BC_SAC,2,5000,0.8493559956550598
halfcheetah-friction,0.1,BC_SAC,2,6000,-0.470980167388916
halfcheetah-friction,0.1,BC_SAC,2,7000,-0.24323242902755737
halfcheetah-friction,0.1,BC_SAC,2,8000,-0.8597392439842224
halfcheetah-friction,0.1,BC_SAC,2,9000,-0.528824508190155
halfcheetah-friction,0.1,BC_SAC,2,10000,-0.10756142437458038
halfcheetah-friction,0.1,RLPD,0,1000,0.6632094383239746
halfcheetah-friction,0.1,RLPD,0,2000,0.5978305339813232
halfcheetah-friction,0.1,RLPD,0,3000,-1.2209060192108154
halfcheetah-friction,0.1,RLPD,0,4000,-0.5097755193710327
halfcheetah-friction,0.1,RLPD,0,5000,0.291608601808548
halfcheetah-friction,0.1,RLPD,0,6000,-0.3525586724281311
halfcheetah-friction,0.1,RLPD,0,7000,0.49087876081466675
halfcheetah-friction,0.1,RLPD,0,8000,0.5231465101242065
halfcheetah-friction,0.1,RLPD,0,9000,0.5655220150947571
halfcheetah-friction,0.1,RLPD,0,10000,0.7484627366065979
halfcheetah-friction,0.1,RLPD,1,1000,0.6634984612464905
halfcheetah-friction,0.1,RLPD,1,2000,0.5951249003410339
halfcheetah-friction,0.1,RLPD,1,3000,1.2206345796585083
halfcheetah-friction,0.1,RLPD,1,4000,0.43622639775276184
halfcheetah-friction,0.1,RLPD,1,5000,0.4754660725593567
halfcheetah-friction,0.1,RLPD,1,6000,1.1099787950515747
halfcheetah-friction,0.1,RLPD,1,7000,0.11577904969453812
halfcheetah-friction,0.1,RLPD,1,8000,0.5140770077705383
halfcheetah-friction,0.1,RLPD,1,9000,0.6345138549804688
halfcheetah-friction,0.1,RLPD,1,10000,0.3564588129520416
halfcheetah-friction,0.1,RLPD,2,1000,0.6651883125305176
halfcheetah-friction,0.1,RLPD,2,2000,0.5949434041976929
halfcheetah-friction,0.1,RLPD,2,3000,0.5635000467300415
halfcheetah-friction,0.1,RLPD,2,4000,0.11722129583358765
halfcheetah-friction,0.1,RLPD,2,5000,0.5635332465171814
halfcheetah-friction,0.1,RLPD,2,6000,-0.23152542114257812
halfcheetah-friction,0.1,RLPD,2,7000,-0.16259005665779114
halfcheetah-friction,0.1,RLPD,2,8000,-0.36759153008461
halfcheetah-friction,0.1,RLPD,2,9000,-0.9053186178207397
halfcheetah-friction,0.1,RLPD,2,10000,-0.9045400023460388
halfcheetah-friction,0.5,BC_PAR,0,1000,3.6378252506256104
halfcheetah-friction,0.5,BC_PAR,0,2000,3.633087635040283
halfcheetah-friction,0.5,BC_PAR,0,3000,3.6343343257904053
halfcheetah-friction,0.5,BC_PAR,0,4000,3.6312544345855713
halfcheetah-friction,0.5,BC_PAR,0,5000,3.6516926288604736
halfcheetah-friction,0.5,BC_PAR,0,6000,3.5473270416259766
halfcheetah-friction,0.5,BC_PAR,0,7000,2.935324192047119
halfcheetah-friction,0.5,BC_PAR,0,8000,15.79220199584961
halfcheetah-friction,0.5,BC_PAR,0,9000,8.209298133850098
halfcheetah-friction,0.5,BC_PAR,0,10000,5.752632141113281
halfcheetah-friction,0.5,BC_PAR,1,1000,3.6409475803375244
halfcheetah-friction,0.5,BC_PAR,1,2000,3.6401374340057373
halfcheetah-friction,0.5,BC_PAR,1,3000,3.63966703414917
halfcheetah-friction,0.5,BC_PAR,1,4000,3.639779806137085
halfcheetah-friction,0.5,BC_PAR,1,5000,3.6424009799957275
halfcheetah-friction,0.5,BC_PAR,1,6000,3.5337209701538086
halfcheetah-friction,0.5,BC_PAR,1,7000,3.312436103820801
halfcheetah-friction,0.5,BC_PAR,1,8000,8.687235832214355
halfcheetah-friction,0.5,BC_PAR,1,9000,-0.640827476978302
halfcheetah-friction,0.5,BC_PAR,1,10000,33.49187469482422
halfcheetah-friction,0.5,BC_PAR,2,1000,3.6375298500061035
halfcheetah-friction,0.5,BC_PAR,2,2000,3.6332640647888184
halfcheetah-friction,0.5,BC_PAR,2,3000,3.6284995079040527
halfcheetah-friction,0.5,BC_PAR,2,4000,3.6298553943634033
halfcheetah-friction,0.5,BC_PAR,2,5000,3.653658390045166
halfcheetah-friction,0.5,BC_PAR,2,6000,3.4745688438415527
halfcheetah-friction,0.5,BC_PAR,2,7000,17.065683364868164
halfcheetah-friction,0.5,BC_PAR,2,8000,19.611045837402344
halfcheetah-friction,0.5,BC_PAR,2,9000,10.061975479125977
halfcheetah-friction,0.5,BC_PAR,2,10000,3.8516852855682373
halfcheetah-friction,0.5,BC_SAC,0,1000,3.6378252506256104
halfcheetah-friction,0.5,BC_SAC,0,2000,3.589036464691162
halfcheetah-friction,0.5,BC_SAC,0,3000,2.900792360305786
halfcheetah-friction,0.5,BC_SAC,0,4000,32.41795349121094
halfcheetah-friction,0.5,BC_SAC,0,5000,17.594785690307617
halfcheetah-friction,0.5,BC_SAC,0,6000,31.148967742919922
halfcheetah-friction,0.5,BC_SAC,0,7000,28.210277557373047
halfcheetah-friction,0.5,BC_SAC,0,8000,19.2067813873291
halfcheetah-friction,0.5,BC_SAC,0,9000,35.869388580322266
halfcheetah-friction,0.5,BC_SAC,0,10000,53.70087814331055
halfcheetah-friction,0.5,BC_SAC,1,1000,3.6409475803375244
halfcheetah-friction,0.5,BC_SAC,1,2000,3.525618076324463
halfcheetah-friction,0.5,BC_SAC,1,3000,3.017207622528076
halfcheetah-friction,0.5,BC_SAC,1,4000,26.928007125854492
halfcheetah-friction,0.5,BC_SAC,1,5000,3.993844747543335
halfcheetah-friction,0.5,BC_SAC,1,6000,9.173742294311523
halfcheetah-friction,0.5,BC_SAC,1,7000,-3.232745885848999
halfcheetah-friction,0.5,BC_SAC,1,8000,-1.6434870958328247
halfcheetah-friction,0.5,BC_SAC,1,9000,1.0334876775741577
halfcheetah-friction,0.5,BC_SAC,1,10000,3.193718910217285
halfcheetah-friction,0.5,BC_SAC,2,1000,3.6375298500061035
halfcheetah-friction,0.5,BC_SAC,2,2000,3.523188352584839
halfcheetah-friction,0.5,BC_SAC,2,3000,3.919497489929199
halfcheetah-friction,0.5,BC_SAC,2,4000,27.818941116333008
halfcheetah-friction,0.5,BC_SAC,2,5000,17.949716567993164
halfcheetah-friction,0.5,BC_SAC,2,6000,19.462942123413086
halfcheetah-friction,0.5,BC_SAC,2,7000,1.9932368993759155
halfcheetah-friction,0.5,BC_SAC,2,8000,2.8041703701019287
halfcheetah-friction,0.5,BC_SAC,2,9000,0.29191359877586365
halfcheetah-friction,0.5,BC_SAC,2,10000,1.1225851774215698
halfcheetah-friction,0.5,RLPD,0,1000,3.6364221572875977
halfcheetah-friction,0.5,RLPD,0,2000,3.1155521869659424
halfcheetah-friction,0.5,RLPD,0,3000,1.5534664392471313
halfcheetah-friction,0.5,RLPD,0,4000,3.3368077278137207
halfcheetah-friction,0.5,RLPD,0,5000,0.9814704060554504
halfcheetah-friction,0.5,RLPD,0,6000,1.8260666131973267
halfcheetah-friction,0.5,RLPD,0,7000,-1.146384358406067
halfcheetah-friction,0.5,RLPD,0,8000,-0.8255907893180847
halfcheetah-friction,0.5,RLPD,0,9000,-1.024896264076233
halfcheetah-friction,0.5,RLPD,0,10000,-0.32638147473335266
halfcheetah-friction,0.5,RLPD,1,1000,3.646693229675293
halfcheetah-friction,0.5,RLPD,1,2000,0.2219865918159485
halfcheetah-friction,0.5,RLPD,1,3000,2.0902373790740967
halfcheetah-friction,0.5,RLPD,1,4000,1.6375014781951904
halfcheetah-friction,0.5,RLPD,1,5000,1.0701048374176025
halfcheetah-friction,0.5,RLPD,1,6000,-1.028383731842041
halfcheetah-friction,0.5,RLPD,1,7000,10.486964225769043
halfcheetah-friction,0.5,RLPD,1,8000,4.018148899078369
halfcheetah-friction,0.5,RLPD,1,9000,5.952708721160889
halfcheetah-friction,0.5,RLPD,1,10000,2.9853787422180176
halfcheetah-friction,0.5,RLPD,2,1000,3.6423587799072266
halfcheetah-friction,0.5,RLPD,2,2000,2.8269846439361572
halfcheetah-friction,0.5,RLPD,2,3000,2.732938528060913
halfcheetah-friction,0.5,RLPD,2,4000,4.306128025054932
halfcheetah-friction,0.5,RLPD,2,5000,2.0936505794525146
halfcheetah-friction,0.5,RLPD,2,6000,0.5091103911399841
halfcheetah-friction,0.5,RLPD,2,7000,2.7637689113616943
halfcheetah-friction,0.5,RLPD,2,8000,11.832902908325195
halfcheetah-friction,0.5,RLPD,2,9000,19.61879539489746
halfcheetah-friction,0.5,RLPD,2,10000,18.668760299682617
halfcheetah-friction,2.0,BC_PAR,0,1000,2.4057469367980957
halfcheetah-friction,2.0,BC_PAR,0,2000,2.404496908187866
halfcheetah-friction,2.0,BC_PAR,0,3000,2.4057600498199463
halfcheetah-friction,2.0,BC_PAR,0,4000,2.404235363006592
halfcheetah-friction,2.0,BC_PAR,0,5000,2.416006326675415
halfcheetah-friction,2.0,BC_PAR,0,6000,2.3822383880615234
halfcheetah-friction,2.0,BC_PAR,0,7000,2.1225385665893555
halfcheetah-friction,2.0,BC_PAR,0,8000,1.6526553630828857
halfcheetah-friction,2.0,BC_PAR,0,9000,1.765882968902588
halfcheetah-friction,2.0,BC_PAR,0,10000,2.142446279525757
halfcheetah-friction,2.0,BC_PAR,1,1000,2.4079763889312744
halfcheetah-friction,2.0,BC_PAR,1,2000,2.410506010055542
halfcheetah-friction,2.0,BC_PAR,1,3000,2.412196397781372
halfcheetah-friction,2.0,BC_PAR,1,4000,2.4094605445861816
halfcheetah-friction,2.0,BC_PAR,1,5000,2.4132206439971924
halfcheetah-friction,2.0,BC_PAR,1,6000,2.3395168781280518
halfcheetah-friction,2.0,BC_PAR,1,7000,2.1161386966705322
halfcheetah-friction,2.0,BC_PAR,1,8000,1.7297269105911255
halfcheetah-friction,2.0,BC_PAR,1,9000,3.229750394821167
halfcheetah-friction,2.0,BC_PAR,1,10000,1.5107053518295288
halfcheetah-friction,2.0,BC_PAR,2,1000,2.406139373779297
halfcheetah-friction,2.0,BC_PAR,2,2000,2.407841920852661
halfcheetah-friction,2.0,BC_PAR,2,3000,2.404437780380249
halfcheetah-friction,2.0,BC_PAR,2,4000,2.4041502475738525
halfcheetah-friction,2.0,BC_PAR,2,5000,2.4165005683898926
halfcheetah-friction,2.0,BC_PAR,2,6000,2.313291549682617
halfcheetah-friction,2.0,BC_PAR,2,7000,2.0250649452209473
halfcheetah-friction,2.0,BC_PAR,2,8000,1.563477635383606
halfcheetah-friction,2.0,BC_PAR,2,9000,1.4919893741607666
halfcheetah-friction,2.0,BC_PAR,2,10000,1.060246229171753
halfcheetah-friction,2.0,BC_SAC,0,1000,2.4057469367980957
halfcheetah-friction,2.0,BC_SAC,0,2000,2.355945110321045
halfcheetah-friction,2.0,BC_SAC,0,3000,1.9640817642211914
halfcheetah-friction,2.0,BC_SAC,0,4000,16.001150131225586
halfcheetah-friction,2.0,BC_SAC,0,5000,5.850976943969727
halfcheetah-friction,2.0,BC_SAC,0,6000,20.913311004638672
halfcheetah-friction,2.0,BC_SAC,0,7000,5.760746955871582
halfcheetah-friction,2.0,BC_SAC,0,8000,2.0962507724761963
halfcheetah-friction,2.0,BC_SAC,0,9000,2.571674346923828
halfcheetah-friction,2.0,BC_SAC,0,10000,6.784337520599365
halfcheetah-friction,2.0,BC_SAC,1,1000,2.4079763889312744
halfcheetah-friction,2.0,BC_SAC,1,2000,2.320586919784546
halfcheetah-friction,2.0,BC_SAC,1,3000,2.067056655883789
halfcheetah-friction,2.0,BC_SAC,1,4000,1.7026314735412598
halfcheetah-friction,2.0,BC_SAC,1,5000,1.5013043880462646
halfcheetah-friction,2.0,BC_SAC,1,6000,6.79999303817749
halfcheetah-friction,2.0,BC_SAC,1,7000,5.016320705413818
halfcheetah-friction,2.0,BC_SAC,1,8000,3.1363790035247803
halfcheetah-friction,2.0,BC_SAC,1,9000,3.0770950317382812
halfcheetah-friction,2.0,BC_SAC,1,10000,4.431117534637451
halfcheetah-friction,2.0,BC_SAC,2,1000,2.406139373779297
halfcheetah-friction,2.0,BC_SAC,2,2000,2.3294947147369385
halfcheetah-friction,2.0,BC_SAC,2,3000,2.001180648803711
halfcheetah-friction,2.0,BC_SAC,2,4000,1.3119984865188599
halfcheetah-friction,2.0,BC_SAC,2,5000,6.0659589767456055
halfcheetah-friction,2.0,BC_SAC,2,6000,4.538106441497803
halfcheetah-friction,2.0,BC_SAC,2,7000,4.421832084655762
halfcheetah-friction,2.0,BC_SAC,2,8000,6.054217338562012
halfcheetah-friction,2.0,BC_SAC,2,9000,3.9784257411956787
halfcheetah-friction,2.0,BC_SAC,2,10000,4.911481857299805
halfcheetah-friction,2.0,RLPD,0,1000,2.405251979827881
halfcheetah-friction,2.0,RLPD,0,2000,1.5651586055755615
halfcheetah-friction,2.0,RLPD,0,3000,1.8952609300613403
halfcheetah-friction,2.0,RLPD,0,4000,2.915783405303955
halfcheetah-friction,2.0,RLPD,0,5000,-0.7974941730499268
halfcheetah-friction,2.0,RLPD,0,6000,0.4949727952480316
halfcheetah-friction,2.0,RLPD,0,7000,-0.6079272031784058
halfcheetah-friction,2.0,RLPD,0,8000,-0.2083747386932373
halfcheetah-friction,2.0,RLPD,0,9000,-1.2951676845550537
halfcheetah-friction,2.0,RLPD,0,10000,-2.465304374694824
halfcheetah-friction,2.0,RLPD,1,1000,2.4166088104248047
halfcheetah-friction,2.0,RLPD,1,2000,0.7989556789398193
halfcheetah-friction,2.0,RLPD,1,3000,2.0289156436920166
halfcheetah-friction,2.0,RLPD,1,4000,7.642455101013184
halfcheetah-friction,2.0,RLPD,1,5000,4.132761001586914
halfcheetah-friction,2.0,RLPD,1,6000,1.3830536603927612
halfcheetah-friction,2.0,RLPD,1,7000,0.9915220737457275
halfcheetah-friction,2.0,RLPD,1,8000,0.07349946349859238
halfcheetah-friction,2.0,RLPD,1,9000,2.4044482707977295
halfcheetah-friction,2.0,RLPD,1,10000,3.419304609298706
halfcheetah-friction,2.0,RLPD,2,1000,2.4108669757843018
halfcheetah-friction,2.0,RLPD,2,2000,1.1212702989578247
halfcheetah-friction,2.0,RLPD,2,3000,1.1352216005325317
halfcheetah-friction,2.0,RLPD,2,4000,-2.8073318004608154
halfcheetah-friction,2.0,RLPD,2,5000,8.024019241333008
halfcheetah-friction,2.0,RLPD,2,6000,2.6460611820220947
halfcheetah-friction,2.0,RLPD,2,7000,1.818989872932434
halfcheetah-friction,2.0,RLPD,2,8000,5.021441459655762
halfcheetah-friction,2.0,RLPD,2,9000,0.5833786129951477
halfcheetah-friction,2.0,RLPD,2,10000,5.004225254058838
halfcheetah-friction,5.0,BC_PAR,0,1000,2.65242075920105
halfcheetah-friction,5.0,BC_PAR,0,2000,2.6511614322662354
halfcheetah-friction,5.0,BC_PAR,0,3000,2.6512160301208496
halfcheetah-friction,5.0,BC_PAR,0,4000,2.650346279144287
halfcheetah-friction,5.0,BC_PAR,0,5000,2.66131329536438
halfcheetah-friction,5.0,BC_PAR,0,6000,2.577310562133789
halfcheetah-friction,5.0,BC_PAR,0,7000,2.192216396331787
halfcheetah-friction,5.0,BC_PAR,0,8000,1.6411324739456177
halfcheetah-friction,5.0,BC_PAR,0,9000,1.1962316036224365
halfcheetah-friction,5.0,BC_PAR,0,10000,1.1450541019439697
halfcheetah-friction,5.0,BC_PAR,1,1000,2.653101682662964
halfcheetah-friction,5.0,BC_PAR,1,2000,2.657564640045166
halfcheetah-friction,5.0,BC_PAR,1,3000,2.657942771911621
halfcheetah-friction,5.0,BC_PAR,1,4000,2.6540489196777344
halfcheetah-friction,5.0,BC_PAR,1,5000,2.6588895320892334
halfcheetah-friction,5.0,BC_PAR,1,6000,2.5118484497070312
halfcheetah-friction,5.0,BC_PAR,1,7000,2.1556520462036133
halfcheetah-friction,5.0,BC_PAR,1,8000,1.7593679428100586
halfcheetah-friction,5.0,BC_PAR,1,9000,1.3684051036834717
halfcheetah-friction,5.0,BC_PAR,1,10000,0.853991687297821
halfcheetah-friction,5.0,BC_PAR,2,1000,2.651674270629883
halfcheetah-friction,5.0,BC_PAR,2,2000,2.6523985862731934
halfcheetah-friction,5.0,BC_PAR,2,3000,2.648841142654419
halfcheetah-friction,5.0,BC_PAR,2,4000,2.648212432861328
halfcheetah-friction,5.0,BC_PAR,2,5000,2.661834716796875
halfcheetah-friction,5.0,BC_PAR,2,6000,2.4965627193450928
halfcheetah-friction,5.0,BC_PAR,2,7000,1.9798170328140259
halfcheetah-friction,5.0,BC_PAR,2,8000,1.505902647972107
halfcheetah-friction,5.0,BC_PAR,2,9000,0.9636065363883972
halfcheetah-friction,5.0,BC_PAR,2,10000,1.7717002630233765
halfcheetah-friction,5.0,BC_SAC,0,1000,2.65242075920105
halfcheetah-friction,5.0,BC_SAC,0,2000,2.6178975105285645
halfcheetah-friction,5.0,BC_SAC,0,3000,2.345114231109619
halfcheetah-friction,5.0,BC_SAC,0,4000,1.9979606866836548
halfcheetah-friction,5.0,BC_SAC,0,5000,0.3786350190639496
halfcheetah-friction,5.0,BC_SAC,0,6000,0.8263714909553528
halfcheetah-friction,5.0,BC_SAC,0,7000,4.485996246337891
halfcheetah-friction,5.0,BC_SAC,0,8000,3.4310665130615234
halfcheetah-friction,5.0,BC_SAC,0,9000,2.925415277481079
halfcheetah-friction,5.0,BC_SAC,0,10000,14.960829734802246
halfcheetah-friction,5.0,BC_SAC,1,1000,2.653101682662964
halfcheetah-friction,5.0,BC_SAC,1,2000,2.5401551723480225
halfcheetah-friction,5.0,BC_SAC,1,3000,2.2567200660705566
halfcheetah-friction,5.0,BC_SAC,1,4000,2.1139626502990723
halfcheetah-friction,5.0,BC_SAC,1,5000,2.206261396408081
halfcheetah-friction,5.0,BC_SAC,1,6000,1.5780006647109985
halfcheetah-friction,5.0,BC_SAC,1,7000,-0.8856685757637024
halfcheetah-friction,5.0,BC_SAC,1,8000,0.024494944140315056
halfcheetah-friction,5.0,BC_SAC,1,9000,1.1507470607757568
halfcheetah-friction,5.0,BC_SAC,1,10000,1.3291078805923462
halfcheetah-friction,5.0,BC_SAC,2,1000,2.651674270629883
halfcheetah-friction,5.0,BC_SAC,2,2000,2.5710561275482178
halfcheetah-friction,5.0,BC_SAC,2,3000,2.2450411319732666
halfcheetah-friction,5.0,BC_SAC,2,4000,1.3738384246826172
halfcheetah-friction,5.0,BC_SAC,2,5000,1.9631952047348022
halfcheetah-friction,5.0,BC_SAC,2,6000,0.24923905730247498
halfcheetah-friction,5.0,BC_SAC,2,7000,0.9368100166320801
halfcheetah-friction,5.0,BC_SAC,2,8000,1.4035557508468628
halfcheetah-friction,5.0,BC_SAC,2,9000,0.824383556842804
halfcheetah-friction,5.0,BC_SAC,2,10000,0.2399379462003708
halfcheetah-friction,5.0,RLPD,0,1000,2.650846004486084
halfcheetah-friction,5.0,RLPD,0,2000,0.8389672040939331
halfcheetah-friction,5.0,RLPD,0,3000,-0.23099969327449799
halfcheetah-friction,5.0,RLPD,0,4000,-0.14803917706012726
halfcheetah-friction,5.0,RLPD,0,5000,0.1906386911869049
halfcheetah-friction,5.0,RLPD,0,6000,1.4979074001312256
halfcheetah-friction,5.0,RLPD,0,7000,2.978360652923584
halfcheetah-friction,5.0,RLPD,0,8000,5.736571311950684
halfcheetah-friction,5.0,RLPD,0,9000,6.701585292816162
halfcheetah-friction,5.0,RLPD,0,10000,3.9644525051116943
halfcheetah-friction,5.0,RLPD,1,1000,2.662489414215088
halfcheetah-friction,5.0,RLPD,1,2000,0.7443997859954834
halfcheetah-friction,5.0,RLPD,1,3000,-0.11861685663461685
halfcheetah-friction,5.0,RLPD,1,4000,2.7784695625305176
halfcheetah-friction,5.0,RLPD,1,5000,2.2540125846862793
halfcheetah-friction,5.0,RLPD,1,6000,3.4994235038757324
halfcheetah-friction,5.0,RLPD,1,7000,-0.4531586170196533
halfcheetah-friction,5.0,RLPD,1,8000,7.378033638000488
halfcheetah-friction,5.0,RLPD,1,9000,7.246309280395508
halfcheetah-friction,5.0,RLPD,1,10000,4.1787261962890625
halfcheetah-friction,5.0,RLPD,2,1000,2.656900644302368
halfcheetah-friction,5.0,RLPD,2,2000,1.018538236618042
halfcheetah-friction,5.0,RLPD,2,3000,4.155367374420166
halfcheetah-friction,5.0,RLPD,2,4000,-0.4572962522506714
halfcheetah-friction,5.0,RLPD,2,5000,1.7436190843582153
halfcheetah-friction,5.0,RLPD,2,6000,2.0484445095062256
halfcheetah-friction,5.0,RLPD,2,7000,1.694764494895935
halfcheetah-friction,5.0,RLPD,2,8000,0.9216684103012085
halfcheetah-friction,5.0,RLPD,2,9000,1.994658350944519
halfcheetah-friction,5.0,RLPD,2,10000,2.058655023574829
hopper-friction,0.1,BC_PAR,0,1000,1.625934362411499
hopper-friction,0.1,BC_PAR,0,2000,1.6290526390075684
hopper-friction,0.1,BC_PAR,0,3000,1.6245830059051514
hopper-friction,0.1,BC_PAR,0,4000,1.6239718198776245
hopper-friction,0.1,BC_PAR,0,5000,2.497976064682007
hopper-friction,0.1,BC_PAR,0,6000,3.2544281482696533
hopper-friction,0.1,BC_PAR,0,7000,2.070570468902588
hopper-friction,0.1,BC_PAR,0,8000,10.928214073181152
hopper-friction,0.1,BC_PAR,0,9000,15.815824508666992
hopper-friction,0.1,BC_PAR,0,10000,7.934966087341309
hopper-friction,0.1,BC_PAR,1,1000,1.4405946731567383
hopper-friction,0.1,BC_PAR,1,2000,1.4377477169036865
hopper-friction,0.1,BC_PAR,1,3000,1.4421896934509277
hopper-friction,0.1,BC_PAR,1,4000,1.4442098140716553
hopper-friction,0.1,BC_PAR,1,5000,3.7991950511932373
hopper-friction,0.1,BC_PAR,1,6000,4.95598030090332
hopper-friction,0.1,BC_PAR,1,7000,2.423959255218506
hopper-friction,0.1,BC_PAR,1,8000,7.444745063781738
hopper-friction,0.1,BC_PAR,1,9000,3.3472609519958496
hopper-friction,0.1,BC_PAR,1,10000,2.757798910140991
hopper-friction,0.1,BC_PAR,2,1000,1.2466015815734863
hopper-friction,0.1,BC_PAR,2,2000,1.2448793649673462
hopper-friction,0.1,BC_PAR,2,3000,1.2456806898117065
hopper-friction,0.1,BC_PAR,2,4000,1.2445406913757324
hopper-friction,0.1,BC_PAR,2,5000,2.5565922260284424
hopper-friction,0.1,BC_PAR,2,6000,2.820758104324341
hopper-friction,0.1,BC_PAR,2,7000,2.164393186569214
hopper-friction,0.1,BC_PAR,2,8000,6.591913223266602
hopper-friction,0.1,BC_PAR,2,9000,3.9439659118652344
hopper-friction,0.1,BC_PAR,2,10000,8.973111152648926
hopper-friction,0.1,BC_SAC,0,1000,1.625934362411499
hopper-friction,0.1,BC_SAC,0,2000,5.094831943511963
hopper-friction,0.1,BC_SAC,0,3000,3.6001923084259033
hopper-friction,0.1,BC_SAC,0,4000,2.6929681301116943
hopper-friction,0.1,BC_SAC,0,5000,2.609589099884033
hopper-friction,0.1,BC_SAC,0,6000,2.2911221981048584
hopper-friction,0.1,BC_SAC,0,7000,3.441511392593384
hopper-friction,0.1,BC_SAC,0,8000,3.81750750541687
hopper-friction,0.1,BC_SAC,0,9000,3.423513174057007
hopper-friction,0.1,BC_SAC,0,10000,2.219403028488159
hopper-friction,0.1,BC_SAC,1,1000,1.4405946731567383
hopper-friction,0.1,BC_SAC,1,2000,5.15622615814209
hopper-friction,0.1,BC_SAC,1,3000,2.748133897781372
hopper-friction,0.1,BC_SAC,1,4000,4.1636834144592285
hopper-friction,0.1,BC_SAC,1,5000,20.97858238220215
hopper-friction,0.1,BC_SAC,1,6000,20.466463088989258
hopper-friction,0.1,BC_SAC,1,7000,17.93015480041504
hopper-friction,0.1,BC_SAC,1,8000,12.475377082824707
hopper-friction,0.1,BC_SAC,1,9000,2.6282410621643066
hopper-friction,0.1,BC_SAC,1,10000,2.787740707397461
hopper-friction,0.1,BC_SAC,2,1000,1.2466015815734863
hopper-friction,0.1,BC_SAC,2,2000,2.953458309173584
hopper-friction,0.1,BC_SAC,2,3000,1.9543430805206299
hopper-friction,0.1,BC_SAC,2,4000,3.5137650966644287
hopper-friction,0.1,BC_SAC,2,5000,2.823261260986328
hopper-friction,0.1,BC_SAC,2,6000,3.3002991676330566
hopper-friction,0.1,BC_SAC,2,7000,2.9299097061157227
hopper-friction,0.1,BC_SAC,2,8000,7.3936614990234375
hopper-friction,0.1,BC_SAC,2,9000,2.099992036819458
hopper-friction,0.1,BC_SAC,2,10000,15.761027336120605
hopper-friction,0.1,RLPD,0,1000,1.3492573499679565
hopper-friction,0.1,RLPD,0,2000,2.2121310234069824
hopper-friction,0.1,RLPD,0,3000,2.9497969150543213
hopper-friction,0.1,RLPD,0,4000,2.8655576705932617
hopper-friction,0.1,RLPD,0,5000,3.2846086025238037
hopper-friction,0.1,RLPD,0,6000,4.242486000061035
hopper-friction,0.1,RLPD,0,7000,4.874207973480225
hopper-friction,0.1,RLPD,0,8000,1.3320728540420532
hopper-friction,0.1,RLPD,0,9000,1.740046739578247
hopper-friction,0.1,RLPD,0,10000,1.9989721775054932
hopper-friction,0.1,RLPD,1,1000,7.712741851806641
hopper-friction,0.1,RLPD,1,2000,2.3519504070281982
hopper-friction,0.1,RLPD,1,3000,1.9387598037719727
hopper-friction,0.1,RLPD,1,4000,4.050788879394531
hopper-friction,0.1,RLPD,1,5000,2.409503698348999
hopper-friction,0.1,RLPD,1,6000,1.623085856437683
hopper-friction,0.1,RLPD,1,7000,1.5078760385513306
hopper-friction,0.1,RLPD,1,8000,1.7678264379501343
hopper-friction,0.1,RLPD,1,9000,1.6141189336776733
hopper-friction,0.1,RLPD,1,10000,2.295454263687134
hopper-friction,0.1,RLPD,2,1000,1.3035215139389038
hopper-friction,0.1,RLPD,2,2000,3.3045854568481445
hopper-friction,0.1,RLPD,2,3000,2.2334437370300293
hopper-friction,0.1,RLPD,2,4000,3.1355528831481934
hopper-friction,0.1,RLPD,2,5000,3.437025308609009
hopper-friction,0.1,RLPD,2,6000,3.030081033706665
hopper-friction,0.1,RLPD,2,7000,3.271914482116699
hopper-friction,0.1,RLPD,2,8000,4.035224914550781
hopper-friction,0.1,RLPD,2,9000,4.0353779792785645
hopper-friction,0.1,RLPD,2,10000,9.823055267333984
hopper-friction,0.5,BC_PAR,0,1000,1.625934362411499
hopper-friction,0.5,BC_PAR,0,2000,1.6290526390075684
hopper-friction,0.5,BC_PAR,0,3000,1.6245830059051514
hopper-friction,0.5,BC_PAR,0,4000,1.6239718198776245
hopper-friction,0.5,BC_PAR,0,5000,2.497976064682007
hopper-friction,0.5,BC_PAR,0,6000,3.2544281482696533
hopper-friction,0.5,BC_PAR,0,7000,2.070570468902588
hopper-friction,0.5,BC_PAR,0,8000,10.928214073181152
hopper-friction,0.5,BC_PAR,0,9000,15.815824508666992
hopper-friction,0.5,BC_PAR,0,10000,7.934966087341309
hopper-friction,0.5,BC_PAR,1,1000,1.4405946731567383
hopper-friction,0.5,BC_PAR,1,2000,1.4377477169036865
hopper-friction,0.5,BC_PAR,1,3000,1.4421896934509277
hopper-friction,0.5,BC_PAR,1,4000,1.4442098140716553
hopper-friction,0.5,BC_PAR,1,5000,3.7991950511932373
hopper-friction,0.5,BC_PAR,1,6000,4.95598030090332
hopper-friction,0.5,BC_PAR,1,7000,2.423959255218506
hopper-friction,0.5,BC_PAR,1,8000,7.444745063781738
hopper-friction,0.5,BC_PAR,1,9000,3.3472609519958496
hopper-friction,0.5,BC_PAR,1,10000,2.757798910140991
hopper-friction,0.5,BC_PAR,2,1000,1.2466015815734863
hopper-friction,0.5,BC_PAR,2,2000,1.2448793649673462
hopper-friction,0.5,BC_PAR,2,3000,1.2456806898117065
hopper-friction,0.5,BC_PAR,2,4000,1.2445406913757324
hopper-friction,0.5,BC_PAR,2,5000,2.5565922260284424
hopper-friction,0.5,BC_PAR,2,6000,2.820758104324341
hopper-friction,0.5,BC_PAR,2,7000,2.164393186569214
hopper-friction,0.5,BC_PAR,2,8000,6.591913223266602
hopper-friction,0.5,BC_PAR,2,9000,3.9439659118652344
hopper-friction,0.5,BC_PAR,2,10000,8.973111152648926
hopper-friction,0.5,BC_SAC,0,1000,1.625934362411499
hopper-friction,0.5,BC_SAC,0,2000,5.094831943511963
hopper-friction,0.5,BC_SAC,0,3000,3.6001923084259033
hopper-friction,0.5,BC_SAC,0,4000,2.6929681301116943
hopper-friction,0.5,BC_SAC,0,5000,2.609589099884033
hopper-friction,0.5,BC_SAC,0,6000,2.2911221981048584
hopper-friction,0.5,BC_SAC,0,7000,3.441511392593384
hopper-friction,0.5,BC_SAC,0,8000,3.81750750541687
hopper-friction,0.5,BC_SAC,0,9000,3.423513174057007
hopper-friction,0.5,BC_SAC,0,10000,2.219403028488159
hopper-friction,0.5,BC_SAC,1,1000,1.4405946731567383
hopper-friction,0.5,BC_SAC,1,2000,5.15622615814209
hopper-friction,0.5,BC_SAC,1,3000,2.748133897781372
hopper-friction,0.5,BC_SAC,1,4000,4.1636834144592285
hopper-friction,0.5,BC_SAC,1,5000,20.97858238220215
hopper-friction,0.5,BC_SAC,1,6000,20.466463088989258
hopper-friction,0.5,BC_SAC,1,7000,17.93015480041504
hopper-friction,0.5,BC_SAC,1,8000,12.475377082824707
hopper-friction,0.5,BC_SAC,1,9000,2.6282410621643066
hopper-friction,0.5,BC_SAC,1,10000,2.787740707397461
hopper-friction,0.5,BC_SAC,2,1000,1.2466015815734863
hopper-friction,0.5,BC_SAC,2,2000,2.953458309173584
hopper-friction,0.5,BC_SAC,2,3000,1.9543430805206299
hopper-friction,0.5,BC_SAC,2,4000,3.5137650966644287
hopper-friction,0.5,BC_SAC,2,5000,2.823261260986328
hopper-friction,0.5,BC_SAC,2,6000,3.3002991676330566
hopper-friction,0.5,BC_SAC,2,7000,2.9299097061157227
hopper-friction,0.5,BC_SAC,2,8000,7.3936614990234375
hopper-friction,0.5,BC_SAC,2,9000,2.099992036819458
hopper-friction,0.5,BC_SAC,2,10000,15.761027336120605
hopper-friction,0.5,RLPD,0,1000,1.3492573499679565
hopper-friction,0.5,RLPD,0,2000,2.2121310234069824
hopper-friction,0.5,RLPD,0,3000,2.9497969150543213
hopper-friction,0.5,RLPD,0,4000,2.8655576705932617
hopper-friction,0.5,RLPD,0,5000,3.2846086025238037
hopper-friction,0.5,RLPD,0,6000,4.242486000061035
hopper-friction,0.5,RLPD,0,7000,4.874207973480225
hopper-friction,0.5,RLPD,0,8000,1.3320728540420532
hopper-friction,0.5,RLPD,0,9000,1.740046739578247
hopper-friction,0.5,RLPD,0,10000,1.9989721775054932
hopper-friction,0.5,RLPD,1,1000,7.712741851806641
hopper-friction,0.5,RLPD,1,2000,2.3519504070281982
hopper-friction,0.5,RLPD,1,3000,1.9387598037719727
hopper-friction,0.5,RLPD,1,4000,4.050788879394531
hopper-friction,0.5,RLPD,1,5000,2.409503698348999
hopper-friction,0.5,RLPD,1,6000,1.623085856437683
hopper-friction,0.5,RLPD,1,7000,1.5078760385513306
hopper-friction,0.5,RLPD,1,8000,1.7678264379501343
hopper-friction,0.5,RLPD,1,9000,1.6141189336776733
hopper-friction,0.5,RLPD,1,10000,2.295454263687134
hopper-friction,0.5,RLPD,2,1000,1.3035215139389038
hopper-friction,0.5,RLPD,2,2000,3.3045854568481445
hopper-friction,0.5,RLPD,2,3000,2.2334437370300293
hopper-friction,0.5,RLPD,2,4000,3.1355528831481934
hopper-friction,0.5,RLPD,2,5000,3.437025308609009
hopper-friction,0.5,RLPD,2,6000,3.030081033706665
hopper-friction,0.5,RLPD,2,7000,3.271914482116699
hopper-friction,0.5,RLPD,2,8000,4.035224914550781
hopper-friction,0.5,RLPD,2,9000,4.0353779792785645
hopper-friction,0.5,RLPD,2,10000,9.823055267333984
hopper-friction,2.0,BC_PAR,0,1000,1.6346497535705566
hopper-friction,2.0,BC_PAR,0,2000,1.6387364864349365
hopper-friction,2.0,BC_PAR,0,3000,1.6333070993423462
hopper-friction,2.0,BC_PAR,0,4000,1.6314926147460938
hopper-friction,2.0,BC_PAR,0,5000,3.554758071899414
hopper-friction,2.0,BC_PAR,0,6000,4.163722038269043
hopper-friction,2.0,BC_PAR,0,7000,10.140955924987793
hopper-friction,2.0,BC_PAR,0,8000,9.82295036315918
hopper-friction,2.0,BC_PAR,0,9000,7.945869445800781
hopper-friction,2.0,BC_PAR,0,10000,9.639522552490234
hopper-friction,2.0,BC_PAR,1,1000,1.4612354040145874
hopper-friction,2.0,BC_PAR,1,2000,1.4590275287628174
hopper-friction,2.0,BC_PAR,1,3000,1.460817813873291
hopper-friction,2.0,BC_PAR,1,4000,1.4588978290557861
hopper-friction,2.0,BC_PAR,1,5000,4.58842134475708
hopper-friction,2.0,BC_PAR,1,6000,4.661042213439941
hopper-friction,2.0,BC_PAR,1,7000,10.354591369628906
hopper-friction,2.0,BC_PAR,1,8000,9.874896049499512
hopper-friction,2.0,BC_PAR,1,9000,8.639196395874023
hopper-friction,2.0,BC_PAR,1,10000,8.914361953735352
hopper-friction,2.0,BC_PAR,2,1000,1.255845069885254
hopper-friction,2.0,BC_PAR,2,2000,1.2543435096740723
hopper-friction,2.0,BC_PAR,2,3000,1.255191445350647
hopper-friction,2.0,BC_PAR,2,4000,1.2547180652618408
hopper-friction,2.0,BC_PAR,2,5000,2.362128734588623
hopper-friction,2.0,BC_PAR,2,6000,4.059816360473633
hopper-friction,2.0,BC_PAR,2,7000,9.32371711730957
hopper-friction,2.0,BC_PAR,2,8000,10.232681274414062
hopper-friction,2.0,BC_PAR,2,9000,10.061705589294434
hopper-friction,2.0,BC_PAR,2,10000,9.778888702392578
hopper-friction,2.0,BC_SAC,0,1000,1.6346497535705566
hopper-friction,2.0,BC_SAC,0,2000,3.4006588459014893
hopper-friction,2.0,BC_SAC,0,3000,8.812744140625
hopper-friction,2.0,BC_SAC,0,4000,3.179694414138794
hopper-friction,2.0,BC_SAC,0,5000,2.8675405979156494
hopper-friction,2.0,BC_SAC,0,6000,3.0253407955169678
hopper-friction,2.0,BC_SAC,0,7000,3.888054609298706
hopper-friction,2.0,BC_SAC,0,8000,6.684500694274902
hopper-friction,2.0,BC_SAC,0,9000,6.077764511108398
hopper-friction,2.0,BC_SAC,0,10000,10.294853210449219
hopper-friction,2.0,BC_SAC,1,1000,1.4612354040145874
hopper-friction,2.0,BC_SAC,1,2000,3.3878633975982666
hopper-friction,2.0,BC_SAC,1,3000,9.744756698608398
hopper-friction,2.0,BC_SAC,1,4000,9.945751190185547
hopper-friction,2.0,BC_SAC,1,5000,9.9411039352417
hopper-friction,2.0,BC_SAC,1,6000,8.664311408996582
hopper-friction,2.0,BC_SAC,1,7000,8.266880989074707
hopper-friction,2.0,BC_SAC,1,8000,9.493881225585938
hopper-friction,2.0,BC_SAC,1,9000,10.37879753112793
hopper-friction,2.0,BC_SAC,1,10000,1.8061847686767578
hopper-friction,2.0,BC_SAC,2,1000,1.255845069885254
hopper-friction,2.0,BC_SAC,2,2000,4.794750690460205
hopper-friction,2.0,BC_SAC,2,3000,8.414794921875
hopper-friction,2.0,BC_SAC,2,4000,4.495968341827393
hopper-friction,2.0,BC_SAC,2,5000,8.192832946777344
hopper-friction,2.0,BC_SAC,2,6000,10.461833000183105
hopper-friction,2.0,BC_SAC,2,7000,10.814615249633789
hopper-friction,2.0,BC_SAC,2,8000,10.837408065795898
hopper-friction,2.0,BC_SAC,2,9000,11.196002960205078
hopper-friction,2.0,BC_SAC,2,10000,5.84677791595459
hopper-friction,2.0,RLPD,0,1000,1.3695437908172607
hopper-friction,2.0,RLPD,0,2000,3.7490601539611816
hopper-friction,2.0,RLPD,0,3000,3.5494449138641357
hopper-friction,2.0,RLPD,0,4000,2.1447978019714355
hopper-friction,2.0,RLPD,0,5000,3.9841082096099854
hopper-friction,2.0,RLPD,0,6000,8.953078269958496
hopper-friction,2.0,RLPD,0,7000,9.714078903198242
hopper-friction,2.0,RLPD,0,8000,8.810503005981445
hopper-friction,2.0,RLPD,0,9000,3.005544424057007
hopper-friction,2.0,RLPD,0,10000,3.5710034370422363
hopper-friction,2.0,RLPD,1,1000,4.9182448387146
hopper-friction,2.0,RLPD,1,2000,4.41591739654541
hopper-friction,2.0,RLPD,1,3000,2.9672091007232666
hopper-friction,2.0,RLPD,1,4000,2.5713951587677
hopper-friction,2.0,RLPD,1,5000,2.248732089996338
hopper-friction,2.0,RLPD,1,6000,3.878330945968628
hopper-friction,2.0,RLPD,1,7000,8.963396072387695
hopper-friction,2.0,RLPD,1,8000,4.126303195953369
hopper-friction,2.0,RLPD,1,9000,2.372602939605713
hopper-friction,2.0,RLPD,1,10000,3.173156261444092
hopper-friction,2.0,RLPD,2,1000,1.331851601600647
hopper-friction,2.0,RLPD,2,2000,1.2356055974960327
hopper-friction,2.0,RLPD,2,3000,3.301501512527466
hopper-friction,2.0,RLPD,2,4000,3.3405680656433105
hopper-friction,2.0,RLPD,2,5000,2.9656174182891846
hopper-friction,2.0,RLPD,2,6000,3.617105722427368
hopper-friction,2.0,RLPD,2,7000,4.507625102996826
hopper-friction,2.0,RLPD,2,8000,3.9943201541900635
hopper-friction,2.0,RLPD,2,9000,4.706428527832031
hopper-friction,2.0,RLPD,2,10000,4.267544746398926
hopper-friction,5.0,BC_PAR,0,1000,1.6201690435409546
hopper-friction,5.0,BC_PAR,0,2000,1.6232000589370728
hopper-friction,5.0,BC_PAR,0,3000,1.6223078966140747
hopper-friction,5.0,BC_PAR,0,4000,1.6223806142807007
hopper-friction,5.0,BC_PAR,0,5000,1.7059963941574097
hopper-friction,5.0,BC_PAR,0,6000,4.289112091064453
hopper-friction,5.0,BC_PAR,0,7000,5.568548202514648
hopper-friction,5.0,BC_PAR,0,8000,6.237239360809326
hopper-friction,5.0,BC_PAR,0,9000,7.054388046264648
hopper-friction,5.0,BC_PAR,0,10000,7.817047595977783
hopper-friction,5.0,BC_PAR,1,1000,1.4784995317459106
hopper-friction,5.0,BC_PAR,1,2000,1.4781678915023804
hopper-friction,5.0,BC_PAR,1,3000,1.4781640768051147
hopper-friction,5.0,BC_PAR,1,4000,1.4779739379882812
hopper-friction,5.0,BC_PAR,1,5000,2.8755030632019043
hopper-friction,5.0,BC_PAR,1,6000,4.163516521453857
hopper-friction,5.0,BC_PAR,1,7000,7.770187854766846
hopper-friction,5.0,BC_PAR,1,8000,4.289328098297119
hopper-friction,5.0,BC_PAR,1,9000,2.7547249794006348
hopper-friction,5.0,BC_PAR,1,10000,1.7467222213745117
hopper-friction,5.0,BC_PAR,2,1000,1.2598657608032227
hopper-friction,5.0,BC_PAR,2,2000,1.2583703994750977
hopper-friction,5.0,BC_PAR,2,3000,1.2592672109603882
hopper-friction,5.0,BC_PAR,2,4000,1.2590070962905884
hopper-friction,5.0,BC_PAR,2,5000,2.0874462127685547
hopper-friction,5.0,BC_PAR,2,6000,3.9730031490325928
hopper-friction,5.0,BC_PAR,2,7000,7.923361301422119
hopper-friction,5.0,BC_PAR,2,8000,2.616211175918579
hopper-friction,5.0,BC_PAR,2,9000,2.2956185340881348
hopper-friction,5.0,BC_PAR,2,10000,3.041835308074951
hopper-friction,5.0,BC_SAC,0,1000,1.6201690435409546
hopper-friction,5.0,BC_SAC,0,2000,4.046684741973877
hopper-friction,5.0,BC_SAC,0,3000,7.655710220336914
hopper-friction,5.0,BC_SAC,0,4000,3.63777494430542
hopper-friction,5.0,BC_SAC,0,5000,2.72269606590271
hopper-friction,5.0,BC_SAC,0,6000,2.812717914581299
hopper-friction,5.0,BC_SAC,0,7000,0.9590942859649658
hopper-friction,5.0,BC_SAC,0,8000,6.909816741943359
hopper-friction,5.0,BC_SAC,0,9000,7.265257835388184
hopper-friction,5.0,BC_SAC,0,10000,7.623825550079346
hopper-friction,5.0,BC_SAC,1,1000,1.4784995317459106
hopper-friction,5.0,BC_SAC,1,2000,4.123614311218262
hopper-friction,5.0,BC_SAC,1,3000,6.622296333312988
hopper-friction,5.0,BC_SAC,1,4000,3.352313995361328
hopper-friction,5.0,BC_SAC,1,5000,1.097147822380066
hopper-friction,5.0,BC_SAC,1,6000,8.678153991699219
hopper-friction,5.0,BC_SAC,1,7000,10.20414924621582
hopper-friction,5.0,BC_SAC,1,8000,9.51974868774414
hopper-friction,5.0,BC_SAC,1,9000,8.981971740722656
hopper-friction,5.0,BC_SAC,1,10000,6.056379318237305
hopper-friction,5.0,BC_SAC,2,1000,1.2598657608032227
hopper-friction,5.0,BC_SAC,2,2000,4.559051036834717
hopper-friction,5.0,BC_SAC,2,3000,6.083969593048096
hopper-friction,5.0,BC_SAC,2,4000,2.936307668685913
hopper-friction,5.0,BC_SAC,2,5000,2.8700857162475586
hopper-friction,5.0,BC_SAC,2,6000,7.654375076293945
hopper-friction,5.0,BC_SAC,2,7000,4.530138969421387
hopper-friction,5.0,BC_SAC,2,8000,1.5259193181991577
hopper-friction,5.0,BC_SAC,2,9000,2.567382335662842
hopper-friction,5.0,BC_SAC,2,10000,2.844052791595459
hopper-friction,5.0,RLPD,0,1000,1.4072242975234985
hopper-friction,5.0,RLPD,0,2000,3.758843183517456
hopper-friction,5.0,RLPD,0,3000,6.407290935516357
hopper-friction,5.0,RLPD,0,4000,7.911919593811035
hopper-friction,5.0,RLPD,0,5000,1.9691113233566284
hopper-friction,5.0,RLPD,0,6000,2.9805240631103516
hopper-friction,5.0,RLPD,0,7000,1.8153693675994873
hopper-friction,5.0,RLPD,0,8000,5.908250331878662
hopper-friction,5.0,RLPD,0,9000,2.827556848526001
hopper-friction,5.0,RLPD,0,10000,3.55936861038208
hopper-friction,5.0,RLPD,1,1000,2.030473470687866
hopper-friction,5.0,RLPD,1,2000,3.8254647254943848
hopper-friction,5.0,RLPD,1,3000,3.7334179878234863
hopper-friction,5.0,RLPD,1,4000,3.49859619140625
hopper-friction,5.0,RLPD,1,5000,1.5694571733474731
hopper-friction,5.0,RLPD,1,6000,1.064035177230835
hopper-friction,5.0,RLPD,1,7000,1.794883370399475
hopper-friction,5.0,RLPD,1,8000,7.836845874786377
hopper-friction,5.0,RLPD,1,9000,7.7529449462890625
hopper-friction,5.0,RLPD,1,10000,6.413475036621094
hopper-friction,5.0,RLPD,2,1000,1.3499338626861572
hopper-friction,5.0,RLPD,2,2000,4.206031799316406
hopper-friction,5.0,RLPD,2,3000,4.07814884185791
hopper-friction,5.0,RLPD,2,4000,3.794447898864746
hopper-friction,5.0,RLPD,2,5000,2.26878023147583
hopper-friction,5.0,RLPD,2,6000,3.723390579223633
hopper-friction,5.0,RLPD,2,7000,2.5014209747314453
hopper-friction,5.0,RLPD,2,8000,5.638136863708496
hopper-friction,5.0,RLPD,2,9000,3.887982130050659
hopper-friction,5.0,RLPD,2,10000,6.911920547485352
walker2d-friction,0.1,BC_PAR,0,1000,0.015046376734972
walker2d-friction,0.1,BC_PAR,0,2000,0.006283231545239687
walker2d-friction,0.1,BC_PAR,0,3000,-0.008197537623345852
walker2d-friction,0.1,BC_PAR,0,4000,0.00576560664921999
walker2d-friction,0.1,BC_PAR,0,5000,5.618356227874756
walker2d-friction,0.1,BC_PAR,0,6000,0.8346582651138306
walker2d-friction,0.1,BC_PAR,0,7000,9.660917282104492
walker2d-friction,0.1,BC_PAR,0,8000,25.686847686767578
walker2d-friction,0.1,BC_PAR,0,9000,0.7122617363929749
walker2d-friction,0.1,BC_PAR,0,10000,-0.44916948676109314
walker2d-friction,0.1,BC_PAR,1,1000,-0.18606150150299072
walker2d-friction,0.1,BC_PAR,1,2000,-0.17799797654151917
walker2d-friction,0.1,BC_PAR,1,3000,-0.17996267974376678
walker2d-friction,0.1,BC_PAR,1,4000,-0.18918967247009277
walker2d-friction,0.1,BC_PAR,1,5000,0.5384551882743835
walker2d-friction,0.1,BC_PAR,1,6000,6.917762756347656
walker2d-friction,0.1,BC_PAR,1,7000,9.690170288085938
walker2d-friction,0.1,BC_PAR,1,8000,11.26528263092041
walker2d-friction,0.1,BC_PAR,1,9000,-0.36330410838127136
walker2d-friction,0.1,BC_PAR,1,10000,-0.1767342984676361
walker2d-friction,0.1,BC_PAR,2,1000,-0.23425456881523132
walker2d-friction,0.1,BC_PAR,2,2000,-0.23028983175754547
walker2d-friction,0.1,BC_PAR,2,3000,-0.2312488853931427
walker2d-friction,0.1,BC_PAR,2,4000,-0.22604569792747498
walker2d-friction,0.1,BC_PAR,2,5000,-0.11080999672412872
walker2d-friction,0.1,BC_PAR,2,6000,7.20608377456665
walker2d-friction,0.1,BC_PAR,2,7000,8.141228675842285
walker2d-friction,0.1,BC_PAR,2,8000,10.198098182678223
walker2d-friction,0.1,BC_PAR,2,9000,13.173494338989258
walker2d-friction,0.1,BC_PAR,2,10000,11.70986557006836
walker2d-friction,0.1,BC_SAC,0,1000,0.015046376734972
walker2d-friction,0.1,BC_SAC,0,2000,7.697740077972412
walker2d-friction,0.1,BC_SAC,0,3000,9.470416069030762
walker2d-friction,0.1,BC_SAC,0,4000,11.003846168518066
walker2d-friction,0.1,BC_SAC,0,5000,8.095854759216309
walker2d-friction,0.1,BC_SAC,0,6000,6.418536186218262
walker2d-friction,0.1,BC_SAC,0,7000,3.5846095085144043
walker2d-friction,0.1,BC_SAC,0,8000,1.7867299318313599
walker2d-friction,0.1,BC_SAC,0,9000,-0.40531477332115173
walker2d-friction,0.1,BC_SAC,0,10000,8.178080558776855
walker2d-friction,0.1,BC_SAC,1,1000,-0.18606150150299072
walker2d-friction,0.1,BC_SAC,1,2000,7.056949615478516
walker2d-friction,0.1,BC_SAC,1,3000,11.127609252929688
walker2d-friction,0.1,BC_SAC,1,4000,9.298588752746582
walker2d-friction,0.1,BC_SAC,1,5000,8.991772651672363
walker2d-friction,0.1,BC_SAC,1,6000,9.110532760620117
walker2d-friction,0.1,BC_SAC,1,7000,8.672138214111328
walker2d-friction,0.1,BC_SAC,1,8000,17.63091468811035
walker2d-friction,0.1,BC_SAC,1,9000,9.284579277038574
walker2d-friction,0.1,BC_SAC,1,10000,13.903913497924805
walker2d-friction,0.1,BC_SAC,2,1000,-0.23425456881523132
walker2d-friction,0.1,BC_SAC,2,2000,7.635299205780029
walker2d-friction,0.1,BC_SAC,2,3000,9.326091766357422
walker2d-friction,0.1,BC_SAC,2,4000,19.822162628173828
walker2d-friction,0.1,BC_SAC,2,5000,0.08026539534330368
walker2d-friction,0.1,BC_SAC,2,6000,0.9562933444976807
walker2d-friction,0.1,BC_SAC,2,7000,1.118348240852356
walker2d-friction,0.1,BC_SAC,2,8000,0.890714168548584
walker2d-friction,0.1,BC_SAC,2,9000,6.868744850158691
walker2d-friction,0.1,BC_SAC,2,10000,5.835312843322754
walker2d-friction,0.1,RLPD,0,1000,-0.6929485201835632
walker2d-friction,0.1,RLPD,0,2000,4.266432285308838
walker2d-friction,0.1,RLPD,0,3000,4.883992671966553
walker2d-friction,0.1,RLPD,0,4000,1.8332114219665527
walker2d-friction,0.1,RLPD,0,5000,5.847854137420654
walker2d-friction,0.1,RLPD,0,6000,6.983759880065918
walker2d-friction,0.1,RLPD,0,7000,6.500668525695801
walker2d-friction,0.1,RLPD,0,8000,1.5166289806365967
walker2d-friction,0.1,RLPD,0,9000,3.2626571655273438
walker2d-friction,0.1,RLPD,0,10000,3.3143839836120605
walker2d-friction,0.1,RLPD,1,1000,0.5577427744865417
walker2d-friction,0.1,RLPD,1,2000,7.874023914337158
walker2d-friction,0.1,RLPD,1,3000,2.6112172603607178
walker2d-friction,0.1,RLPD,1,4000,6.732475280761719
walker2d-friction,0.1,RLPD,1,5000,6.83931827545166
walker2d-friction,0.1,RLPD,1,6000,8.23707103729248
walker2d-friction,0.1,RLPD,1,7000,5.591286659240723
walker2d-friction,0.1,RLPD,1,8000,5.467137813568115
walker2d-friction,0.1,RLPD,1,9000,5.184415817260742
walker2d-friction,0.1,RLPD,1,10000,4.809936046600342
walker2d-friction,0.1,RLPD,2,1000,-0.26219913363456726
walker2d-friction,0.1,RLPD,2,2000,-0.9268087148666382
walker2d-friction,0.1,RLPD,2,3000,8.249058723449707
walker2d-friction,0.1,RLPD,2,4000,6.413409233093262
walker2d-friction,0.1,RLPD,2,5000,1.4507523775100708
walker2d-friction,0.1,RLPD,2,6000,4.814028263092041
walker2d-friction,0.1,RLPD,2,7000,1.7577252388000488
walker2d-friction,0.1,RLPD,2,8000,9.537740707397461
walker2d-friction,0.1,RLPD,2,9000,2.5966689586639404
walker2d-friction,0.1,RLPD,2,10000,4.499111652374268
walker2d-friction,0.5,BC_PAR,0,1000,0.009125282056629658
walker2d-friction,0.5,BC_PAR,0,2000,0.008009607903659344
walker2d-friction,0.5,BC_PAR,0,3000,0.005161119159311056
walker2d-friction,0.5,BC_PAR,0,4000,0.007433158811181784
walker2d-friction,0.5,BC_PAR,0,5000,7.9685869216918945
walker2d-friction,0.5,BC_PAR,0,6000,2.171114444732666
walker2d-friction,0.5,BC_PAR,0,7000,10.697596549987793
walker2d-friction,0.5,BC_PAR,0,8000,8.52047061920166
walker2d-friction,0.5,BC_PAR,0,9000,2.864806652069092
walker2d-friction,0.5,BC_PAR,0,10000,13.71399974822998
walker2d-friction,0.5,BC_PAR,1,1000,-0.2654074430465698
walker2d-friction,0.5,BC_PAR,1,2000,-0.260616660118103
walker2d-friction,0.5,BC_PAR,1,3000,-0.25346553325653076
walker2d-friction,0.5,BC_PAR,1,4000,-0.2622193396091461
walker2d-friction,0.5,BC_PAR,1,5000,0.13335934281349182
walker2d-friction,0.5,BC_PAR,1,6000,7.872064113616943
walker2d-friction,0.5,BC_PAR,1,7000,7.662031650543213
walker2d-friction,0.5,BC_PAR,1,8000,9.823225021362305
walker2d-friction,0.5,BC_PAR,1,9000,2.958895683288574
walker2d-friction,0.5,BC_PAR,1,10000,-0.3355432450771332
walker2d-friction,0.5,BC_PAR,2,1000,-0.21536271274089813
walker2d-friction,0.5,BC_PAR,2,2000,-0.21564675867557526
walker2d-friction,0.5,BC_PAR,2,3000,-0.21412678062915802
walker2d-friction,0.5,BC_PAR,2,4000,-0.21117083728313446
walker2d-friction,0.5,BC_PAR,2,5000,-0.08062656968832016
walker2d-friction,0.5,BC_PAR,2,6000,6.326242923736572
walker2d-friction,0.5,BC_PAR,2,7000,11.579521179199219
walker2d-friction,0.5,BC_PAR,2,8000,11.351703643798828
walker2d-friction,0.5,BC_PAR,2,9000,13.269113540649414
walker2d-friction,0.5,BC_PAR,2,10000,9.418580055236816
walker2d-friction,0.5,BC_SAC,0,1000,0.009125282056629658
walker2d-friction,0.5,BC_SAC,0,2000,2.987910270690918
walker2d-friction,0.5,BC_SAC,0,3000,13.458459854125977
walker2d-friction,0.5,BC_SAC,0,4000,0.5342751741409302
walker2d-friction,0.5,BC_SAC,0,5000,12.772964477539062
walker2d-friction,0.5,BC_SAC,0,6000,2.930755376815796
walker2d-friction,0.5,BC_SAC,0,7000,2.077674150466919
walker2d-friction,0.5,BC_SAC,0,8000,12.398326873779297
walker2d-friction,0.5,BC_SAC,0,9000,10.945194244384766
walker2d-friction,0.5,BC_SAC,0,10000,10.162077903747559
walker2d-friction,0.5,BC_SAC,1,1000,-0.2654074430465698
walker2d-friction,0.5,BC_SAC,1,2000,8.410318374633789
walker2d-friction,0.5,BC_SAC,1,3000,10.715723991394043
walker2d-friction,0.5,BC_SAC,1,4000,11.98666763305664
walker2d-friction,0.5,BC_SAC,1,5000,12.1922025680542
walker2d-friction,0.5,BC_SAC,1,6000,17.656784057617188
walker2d-friction,0.5,BC_SAC,1,7000,6.422966480255127
walker2d-friction,0.5,BC_SAC,1,8000,22.739042282104492
walker2d-friction,0.5,BC_SAC,1,9000,15.183626174926758
walker2d-friction,0.5,BC_SAC,1,10000,12.087322235107422
walker2d-friction,0.5,BC_SAC,2,1000,-0.21536271274089813
walker2d-friction,0.5,BC_SAC,2,2000,7.034002304077148
walker2d-friction,0.5,BC_SAC,2,3000,-0.9627325534820557
walker2d-friction,0.5,BC_SAC,2,4000,11.052382469177246
walker2d-friction,0.5,BC_SAC,2,5000,-0.21541157364845276
walker2d-friction,0.5,BC_SAC,2,6000,-0.1705993115901947
walker2d-friction,0.5,BC_SAC,2,7000,1.4258986711502075
walker2d-friction,0.5,BC_SAC,2,8000,8.327038764953613
walker2d-friction,0.5,BC_SAC,2,9000,3.6227898597717285
walker2d-friction,0.5,BC_SAC,2,10000,21.267654418945312
walker2d-friction,0.5,RLPD,0,1000,-0.5390851497650146
walker2d-friction,0.5,RLPD,0,2000,-0.9094221591949463
walker2d-friction,0.5,RLPD,0,3000,7.84698486328125
walker2d-friction,0.5,RLPD,0,4000,7.847372531890869
walker2d-friction,0.5,RLPD,0,5000,7.9178361892700195
walker2d-friction,0.5,RLPD,0,6000,-0.0875636637210846
walker2d-friction,0.5,RLPD,0,7000,2.7552103996276855
walker2d-friction,0.5,RLPD,0,8000,2.8458073139190674
walker2d-friction,0.5,RLPD,0,9000,0.5767344236373901
walker2d-friction,0.5,RLPD,0,10000,3.4057857990264893
walker2d-friction,0.5,RLPD,1,1000,0.5620026588439941
walker2d-friction,0.5,RLPD,1,2000,1.1016218662261963
walker2d-friction,0.5,RLPD,1,3000,6.620972633361816
walker2d-friction,0.5,RLPD,1,4000,11.682204246520996
walker2d-friction,0.5,RLPD,1,5000,8.17348861694336
walker2d-friction,0.5,RLPD,1,6000,2.8156392574310303
walker2d-friction,0.5,RLPD,1,7000,-0.12825338542461395
walker2d-friction,0.5,RLPD,1,8000,1.539758324623108
walker2d-friction,0.5,RLPD,1,9000,2.9369232654571533
walker2d-friction,0.5,RLPD,1,10000,6.334094524383545
walker2d-friction,0.5,RLPD,2,1000,-0.21027007699012756
walker2d-friction,0.5,RLPD,2,2000,-1.0827833414077759
walker2d-friction,0.5,RLPD,2,3000,14.056736946105957
walker2d-friction,0.5,RLPD,2,4000,6.0505523681640625
walker2d-friction,0.5,RLPD,2,5000,1.627386450767517
walker2d-friction,0.5,RLPD,2,6000,22.466598510742188
walker2d-friction,0.5,RLPD,2,7000,6.031255722045898
walker2d-friction,0.5,RLPD,2,8000,1.5241423845291138
walker2d-friction,0.5,RLPD,2,9000,4.008448123931885
walker2d-friction,0.5,RLPD,2,10000,2.1485769748687744
walker2d-friction,2.0,BC_PAR,0,1000,-0.017223872244358063
walker2d-friction,2.0,BC_PAR,0,2000,-0.019435329362750053
walker2d-friction,2.0,BC_PAR,0,3000,-0.028194665908813477
walker2d-friction,2.0,BC_PAR,0,4000,-0.021058479323983192
walker2d-friction,2.0,BC_PAR,0,5000,6.683299541473389
walker2d-friction,2.0,BC_PAR,0,6000,7.147087097167969
walker2d-friction,2.0,BC_PAR,0,7000,5.143341541290283
walker2d-friction,2.0,BC_PAR,0,8000,3.3212552070617676
walker2d-friction,2.0,BC_PAR,0,9000,5.872712135314941
walker2d-friction,2.0,BC_PAR,0,10000,0.654590904712677
walker2d-friction,2.0,BC_PAR,1,1000,-0.2577604651451111
walker2d-friction,2.0,BC_PAR,1,2000,-0.2553046941757202
walker2d-friction,2.0,BC_PAR,1,3000,-0.2524621784687042
walker2d-friction,2.0,BC_PAR,1,4000,-0.259647399187088
walker2d-friction,2.0,BC_PAR,1,5000,0.1956256777048111
walker2d-friction,2.0,BC_PAR,1,6000,2.210012674331665
walker2d-friction,2.0,BC_PAR,1,7000,7.610386371612549
walker2d-friction,2.0,BC_PAR,1,8000,7.01409912109375
walker2d-friction,2.0,BC_PAR,1,9000,8.488948822021484
walker2d-friction,2.0,BC_PAR,1,10000,-0.42398637533187866
walker2d-friction,2.0,BC_PAR,2,1000,-0.18353548645973206
walker2d-friction,2.0,BC_PAR,2,2000,-0.1831403523683548
walker2d-friction,2.0,BC_PAR,2,3000,-0.18320052325725555
walker2d-friction,2.0,BC_PAR,2,4000,-0.180250346660614
walker2d-friction,2.0,BC_PAR,2,5000,-0.0788617730140686
walker2d-friction,2.0,BC_PAR,2,6000,6.086650371551514
walker2d-friction,2.0,BC_PAR,2,7000,0.5066620111465454
walker2d-friction,2.0,BC_PAR,2,8000,-0.40397152304649353
walker2d-friction,2.0,BC_PAR,2,9000,2.153519630432129
walker2d-friction,2.0,BC_PAR,2,10000,2.448259115219116
walker2d-friction,2.0,BC_SAC,0,1000,-0.017223872244358063
walker2d-friction,2.0,BC_SAC,0,2000,6.805952548980713
walker2d-friction,2.0,BC_SAC,0,3000,7.552309989929199
walker2d-friction,2.0,BC_SAC,0,4000,5.365259170532227
walker2d-friction,2.0,BC_SAC,0,5000,11.445131301879883
walker2d-friction,2.0,BC_SAC,0,6000,10.129868507385254
walker2d-friction,2.0,BC_SAC,0,7000,-0.03945236653089523
walker2d-friction,2.0,BC_SAC,0,8000,0.059466928243637085
walker2d-friction,2.0,BC_SAC,0,9000,7.166045188903809
walker2d-friction,2.0,BC_SAC,0,10000,6.784554958343506
walker2d-friction,2.0,BC_SAC,1,1000,-0.2577604651451111
walker2d-friction,2.0,BC_SAC,1,2000,6.38427734375
walker2d-friction,2.0,BC_SAC,1,3000,1.713918924331665
walker2d-friction,2.0,BC_SAC,1,4000,1.4861854314804077
walker2d-friction,2.0,BC_SAC,1,5000,1.4182711839675903
walker2d-friction,2.0,BC_SAC,1,6000,2.5935616493225098
walker2d-friction,2.0,BC_SAC,1,7000,0.05290154740214348
walker2d-friction,2.0,BC_SAC,1,8000,-0.19397234916687012
walker2d-friction,2.0,BC_SAC,1,9000,7.778376579284668
walker2d-friction,2.0,BC_SAC,1,10000,7.63187837600708
walker2d-friction,2.0,BC_SAC,2,1000,-0.18353548645973206
walker2d-friction,2.0,BC_SAC,2,2000,5.806026458740234
walker2d-friction,2.0,BC_SAC,2,3000,0.04414408653974533
walker2d-friction,2.0,BC_SAC,2,4000,9.956748008728027
walker2d-friction,2.0,BC_SAC,2,5000,-0.5758804082870483
walker2d-friction,2.0,BC_SAC,2,6000,8.545656204223633
walker2d-friction,2.0,BC_SAC,2,7000,2.5312893390655518
walker2d-friction,2.0,BC_SAC,2,8000,5.016080379486084
walker2d-friction,2.0,BC_SAC,2,9000,4.763615608215332
walker2d-friction,2.0,BC_SAC,2,10000,7.736898899078369
walker2d-friction,2.0,RLPD,0,1000,-0.4485239088535309
walker2d-friction,2.0,RLPD,0,2000,5.219875812530518
walker2d-friction,2.0,RLPD,0,3000,6.091090202331543
walker2d-friction,2.0,RLPD,0,4000,1.0720939636230469
walker2d-friction,2.0,RLPD,0,5000,3.0840210914611816
walker2d-friction,2.0,RLPD,0,6000,8.258133888244629
walker2d-friction,2.0,RLPD,0,7000,6.198587894439697
walker2d-friction,2.0,RLPD,0,8000,0.46310651302337646
walker2d-friction,2.0,RLPD,0,9000,3.2666494846343994
walker2d-friction,2.0,RLPD,0,10000,4.03505277633667
walker2d-friction,2.0,RLPD,1,1000,0.3041624128818512
walker2d-friction,2.0,RLPD,1,2000,0.15792493522167206
walker2d-friction,2.0,RLPD,1,3000,6.228054046630859
walker2d-friction,2.0,RLPD,1,4000,6.716447830200195
walker2d-friction,2.0,RLPD,1,5000,1.889500617980957
walker2d-friction,2.0,RLPD,1,6000,-0.40688467025756836
walker2d-friction,2.0,RLPD,1,7000,0.42401349544525146
walker2d-friction,2.0,RLPD,1,8000,2.0293655395507812
walker2d-friction,2.0,RLPD,1,9000,2.60623836517334
walker2d-friction,2.0,RLPD,1,10000,3.755169153213501
walker2d-friction,2.0,RLPD,2,1000,-0.1715729981660843
walker2d-friction,2.0,RLPD,2,2000,0.9800921678543091
walker2d-friction,2.0,RLPD,2,3000,5.457217216491699
walker2d-friction,2.0,RLPD,2,4000,6.266250133514404
walker2d-friction,2.0,RLPD,2,5000,4.400994777679443
walker2d-friction,2.0,RLPD,2,6000,6.559590816497803
walker2d-friction,2.0,RLPD,2,7000,1.5888862609863281
walker2d-friction,2.0,RLPD,2,8000,4.4657440185546875
walker2d-friction,2.0,RLPD,2,9000,2.838256359100342
walker2d-friction,2.0,RLPD,2,10000,0.7929555773735046
walker2d-friction,5.0,BC_PAR,0,1000,-0.00613206485286355
walker2d-friction,5.0,BC_PAR,0,2000,-0.009065484628081322
walker2d-friction,5.0,BC_PAR,0,3000,-0.012985621578991413
walker2d-friction,5.0,BC_PAR,0,4000,-0.008813856169581413
walker2d-friction,5.0,BC_PAR,0,5000,5.292651176452637
walker2d-friction,5.0,BC_PAR,0,6000,4.915534973144531
walker2d-friction,5.0,BC_PAR,0,7000,5.799660682678223
walker2d-friction,5.0,BC_PAR,0,8000,6.687465667724609
walker2d-friction,5.0,BC_PAR,0,9000,1.7245042324066162
walker2d-friction,5.0,BC_PAR,0,10000,1.7204139232635498
walker2d-friction,5.0,BC_PAR,1,1000,-0.13408486545085907
walker2d-friction,5.0,BC_PAR,1,2000,-0.14016081392765045
walker2d-friction,5.0,BC_PAR,1,3000,-0.13168209791183472
walker2d-friction,5.0,BC_PAR,1,4000,-0.13823702931404114
walker2d-friction,5.0,BC_PAR,1,5000,0.10372444242238998
walker2d-friction,5.0,BC_PAR,1,6000,5.591207981109619
walker2d-friction,5.0,BC_PAR,1,7000,5.7283101081848145
walker2d-friction,5.0,BC_PAR,1,8000,5.935115814208984
walker2d-friction,5.0,BC_PAR,1,9000,0.9018363356590271
walker2d-friction,5.0,BC_PAR,1,10000,1.3582960367202759
walker2d-friction,5.0,BC_PAR,2,1000,-0.14111509919166565
walker2d-friction,5.0,BC_PAR,2,2000,-0.14787693321704865
walker2d-friction,5.0,BC_PAR,2,3000,-0.1373697966337204
walker2d-friction,5.0,BC_PAR,2,4000,-0.13817843794822693
walker2d-friction,5.0,BC_PAR,2,5000,-0.08892644196748734
walker2d-friction,5.0,BC_PAR,2,6000,-0.5345857739448547
walker2d-friction,5.0,BC_PAR,2,7000,5.078195571899414
walker2d-friction,5.0,BC_PAR,2,8000,5.032073974609375
walker2d-friction,5.0,BC_PAR,2,9000,-0.02832520194351673
walker2d-friction,5.0,BC_PAR,2,10000,-0.2772425711154938
walker2d-friction,5.0,BC_SAC,0,1000,-0.00613206485286355
walker2d-friction,5.0,BC_SAC,0,2000,3.8540749549865723
walker2d-friction,5.0,BC_SAC,0,3000,5.9186506271362305
walker2d-friction,5.0,BC_SAC,0,4000,1.3101400136947632
walker2d-friction,5.0,BC_SAC,0,5000,6.244290351867676
walker2d-friction,5.0,BC_SAC,0,6000,6.010936260223389
walker2d-friction,5.0,BC_SAC,0,7000,5.93900728225708
walker2d-friction,5.0,BC_SAC,0,8000,5.423737525939941
walker2d-friction,5.0,BC_SAC,0,9000,6.160114288330078
walker2d-friction,5.0,BC_SAC,0,10000,5.726159572601318
walker2d-friction,5.0,BC_SAC,1,1000,-0.13408486545085907
walker2d-friction,5.0,BC_SAC,1,2000,4.035488605499268
walker2d-friction,5.0,BC_SAC,1,3000,4.752907752990723
walker2d-friction,5.0,BC_SAC,1,4000,4.581757068634033
walker2d-friction,5.0,BC_SAC,1,5000,0.5801388621330261
walker2d-friction,5.0,BC_SAC,1,6000,0.8974127769470215
walker2d-friction,5.0,BC_SAC,1,7000,1.6103469133377075
walker2d-friction,5.0,BC_SAC,1,8000,5.207744121551514
walker2d-friction,5.0,BC_SAC,1,9000,5.499166965484619
walker2d-friction,5.0,BC_SAC,1,10000,5.270842552185059
walker2d-friction,5.0,BC_SAC,2,1000,-0.14111509919166565
walker2d-friction,5.0,BC_SAC,2,2000,5.975351810455322
walker2d-friction,5.0,BC_SAC,2,3000,2.0908594131469727
walker2d-friction,5.0,BC_SAC,2,4000,5.733975410461426
walker2d-friction,5.0,BC_SAC,2,5000,6.3680243492126465
walker2d-friction,5.0,BC_SAC,2,6000,1.932046890258789
walker2d-friction,5.0,BC_SAC,2,7000,-0.6049065589904785
walker2d-friction,5.0,BC_SAC,2,8000,-0.3707573413848877
walker2d-friction,5.0,BC_SAC,2,9000,0.29725202918052673
walker2d-friction,5.0,BC_SAC,2,10000,0.5329270958900452
walker2d-friction,5.0,RLPD,0,1000,-0.42457500100135803
walker2d-friction,5.0,RLPD,0,2000,5.414148330688477
walker2d-friction,5.0,RLPD,0,3000,4.959506511688232
walker2d-friction,5.0,RLPD,0,4000,6.017013072967529
walker2d-friction,5.0,RLPD,0,5000,1.1494563817977905
walker2d-friction,5.0,RLPD,0,6000,5.229953289031982
walker2d-friction,5.0,RLPD,0,7000,4.6976141929626465
walker2d-friction,5.0,RLPD,0,8000,5.384823322296143
walker2d-friction,5.0,RLPD,0,9000,2.6554784774780273
walker2d-friction,5.0,RLPD,0,10000,0.9812135696411133
walker2d-friction,5.0,RLPD,1,1000,0.30283477902412415
walker2d-friction,5.0,RLPD,1,2000,5.805368900299072
walker2d-friction,5.0,RLPD,1,3000,6.002717018127441
walker2d-friction,5.0,RLPD,1,4000,5.270406723022461
walker2d-friction,5.0,RLPD,1,5000,4.861474990844727
walker2d-friction,5.0,RLPD,1,6000,4.840455532073975
walker2d-friction,5.0,RLPD,1,7000,6.144006252288818
walker2d-friction,5.0,RLPD,1,8000,5.742783546447754
walker2d-friction,5.0,RLPD,1,9000,4.733608245849609
walker2d-friction,5.0,RLPD,1,10000,5.891135215759277
walker2d-friction,5.0,RLPD,2,1000,-0.1773281842470169
walker2d-friction,5.0,RLPD,2,2000,1.1326522827148438
walker2d-friction,5.0,RLPD,2,3000,6.4700751304626465
walker2d-friction,5.0,RLPD,2,4000,5.609628677368164
walker2d-friction,5.0,RLPD,2,5000,5.476414203643799
walker2d-friction,5.0,RLPD,2,6000,6.766825199127197
walker2d-friction,5.0,RLPD,2,7000,6.348059177398682
walker2d-friction,5.0,RLPD,2,8000,6.32822322845459
walker2d-friction,5.0,RLPD,2,9000,-0.2170962244272232
walker2d-friction,5.0,RLPD,2,10000,5.098791122436523
