environment,shift,algorithm,seed,max_eval_step,final_score,num_eval_points
ant-friction,0.1,BC_PAR,0,10000,19.14167594909668,10
ant-friction,0.1,BC_PAR,1,10000,20.414113998413086,10
ant-friction,0.1,BC_PAR,2,10000,12.373261451721191,10
ant-friction,0.1,BC_SAC,0,10000,31.964204788208008,10
ant-friction,0.1,BC_SAC,1,10000,13.955699920654297,10
ant-friction,0.1,BC_SAC,2,10000,13.604408264160156,10
ant-friction,0.1,RLPD,0,10000,21.70790672302246,10
ant-friction,0.1,RLPD,1,10000,10.451595306396484,10
ant-friction,0.1,RLPD,2,10000,21.702407836914062,10
ant-friction,0.5,BC_PAR,0,10000,10.630552291870117,10
ant-friction,0.5,BC_PAR,1,10000,10.597769737243652,10
ant-friction,0.5,BC_PAR,2,10000,5.4462890625,10
ant-friction,0.5,BC_SAC,0,10000,15.539412498474121,10
ant-friction,0.5,BC_SAC,1,10000,30.040498733520508,10
ant-friction,0.5,BC_SAC,2,10000,14.421172142028809,10
ant-friction,0.5,RLPD,0,10000,4.652504920959473,10
ant-friction,0.5,RLPD,1,10000,2.3182895183563232,10
ant-friction,0.5,RLPD,2,10000,11.064424514770508,10
ant-friction,2.0,BC_PAR,0,10000,9.72590160369873,10
ant-friction,2.0,BC_PAR,1,10000,8.416632652282715,10
ant-friction,2.0,BC_PAR,2,10000,8.172401428222656,10
ant-friction,2.0,BC_SAC,0,10000,10.400293350219727,10
ant-friction,2.0,BC_SAC,1,10000,4.633184432983398,10
ant-friction,2.0,BC_SAC,2,10000,-4.888403415679932,10
ant-friction,2.0,RLPD,0,10000,4.941750526428223,10
ant-friction,2.0,RLPD,1,10000,15.552227973937988,10
ant-friction,2.0,RLPD,2,10000,-2.6240363121032715,10
ant-friction,5.0,BC_PAR,0,10000,6.515146255493164,10
ant-friction,5.0,BC_PAR,1,10000,8.798774719238281,10
ant-friction,5.0,BC_PAR,2,10000,6.565115928649902,10
ant-friction,5.0,BC_SAC,0,10000,9.003318786621094,10
ant-friction,5.0,BC_SAC,1,10000,6.311831951141357,10
ant-friction,5.0,BC_SAC,2,10000,6.654882431030273,10
ant-friction,5.0,RLPD,0,10000,3.008237600326538,10
ant-friction,5.0,RLPD,1,10000,6.702109336853027,10
ant-friction,5.0,RLPD,2,10000,6.733847141265869,10
halfcheetah-friction,0.1,BC_PAR,0,10000,-0.16910617053508759,10
halfcheetah-friction,0.1,BC_PAR,1,10000,1.5694987773895264,10
halfcheetah-friction,0.1,BC_PAR,2,10000,0.5520947575569153,10
halfcheetah-friction,0.1,BC_SAC,0,10000,3.017890453338623,10
halfcheetah-friction,0.1,BC_SAC,1,10000,1.490972876548767,10
halfcheetah-friction,0.1,BC_SAC,2,10000,-0.10756142437458038,10
halfcheetah-friction,0.1,RLPD,0,10000,0.7484627366065979,10
halfcheetah-friction,0.1,RLPD,1,10000,0.3564588129520416,10
halfcheetah-friction,0.1,RLPD,2,10000,-0.9045400023460388,10
halfcheetah-friction,0.5,BC_PAR,0,10000,5.752632141113281,10
halfcheetah-friction,0.5,BC_PAR,1,10000,33.49187469482422,10
halfcheetah-friction,0.5,BC_PAR,2,10000,3.8516852855682373,10
halfcheetah-friction,0.5,BC_SAC,0,10000,53.70087814331055,10
halfcheetah-friction,0.5,BC_SAC,1,10000,3.193718910217285,10
halfcheetah-friction,0.5,BC_SAC,2,10000,1.1225851774215698,10
halfcheetah-friction,0.5,RLPD,0,10000,-0.32638147473335266,10
halfcheetah-friction,0.5,RLPD,1,10000,2.9853787422180176,10
halfcheetah-friction,0.5,RLPD,2,10000,18.668760299682617,10
halfcheetah-friction,2.0,BC_PAR,0,10000,2.142446279525757,10
halfcheetah-friction,2.0,BC_PAR,1,10000,1.5107053518295288,10
halfcheetah-friction,2.0,BC_PAR,2,10000,1.060246229171753,10
halfcheetah-friction,2.0,BC_SAC,0,10000,6.784337520599365,10
halfcheetah-friction,2.0,BC_SAC,1,10000,4.431117534637451,10
halfcheetah-friction,2.0,BC_SAC,2,10000,4.911481857299805,10
halfcheetah-friction,2.0,RLPD,0,10000,-2.465304374694824,10
halfcheetah-friction,2.0,RLPD,1,10000,3.419304609298706,10
halfcheetah-friction,2.0,RLPD,2,10000,5.004225254058838,10
halfcheetah-friction,5.0,BC_PAR,0,10000,1.1450541019439697,10
halfcheetah-friction,5.0,BC_PAR,1,10000,0.853991687297821,10
halfcheetah-friction,5.0,BC_PAR,2,10000,1.7717002630233765,10
halfcheetah-friction,5.0,BC_SAC,0,10000,14.960829734802246,10
halfcheetah-friction,5.0,BC_SAC,1,10000,1.3291078805923462,10
halfcheetah-friction,5.0,BC_SAC,2,10000,0.2399379462003708,10
halfcheetah-friction,5.0,RLPD,0,10000,3.9644525051116943,10
halfcheetah-friction,5.0,RLPD,1,10000,4.1787261962890625,10
halfcheetah-friction,5.0,RLPD,2,10000,2.058655023574829,10
hopper-friction,0.1,BC_PAR,0,10000,7.934966087341309,10
hopper-friction,0.1,BC_PAR,1,10000,2.757798910140991,10
hopper-friction,0.1,BC_PAR,2,10000,8.973111152648926,10
hopper-friction,0.1,BC_SAC,0,10000,2.219403028488159,10
hopper-friction,0.1,BC_SAC,1,10000,2.787740707397461,10
hopper-friction,0.1,BC_SAC,2,10000,15.761027336120605,10
hopper-friction,0.1,RLPD,0,10000,1.9989721775054932,10
hopper-friction,0.1,RLPD,1,10000,2.295454263687134,10
hopper-friction,0.1,RLPD,2,10000,9.823055267333984,10
hopper-friction,0.5,BC_PAR,0,10000,7.934966087341309,10
hopper-friction,0.5,BC_PAR,1,10000,2.757798910140991,10
hopper-friction,0.5,BC_PAR,2,10000,8.973111152648926,10
hopper-friction,0.5,BC_SAC,0,10000,2.219403028488159,10
hopper-friction,0.5,BC_SAC,1,10000,2.787740707397461,10
hopper-friction,0.5,BC_SAC,2,10000,15.761027336120605,10
hopper-friction,0.5,RLPD,0,10000,1.9989721775054932,10
hopper-friction,0.5,RLPD,1,10000,2.295454263687134,10
hopper-friction,0.5,RLPD,2,10000,9.823055267333984,10
hopper-friction,2.0,BC_PAR,0,10000,9.639522552490234,10
hopper-friction,2.0,BC_PAR,1,10000,8.914361953735352,10
hopper-friction,2.0,BC_PAR,2,10000,9.778888702392578,10
hopper-friction,2.0,BC_SAC,0,10000,10.294853210449219,10
hopper-friction,2.0,BC_SAC,1,10000,1.8061847686767578,10
hopper-friction,2.0,BC_SAC,2,10000,5.84677791595459,10
hopper-friction,2.0,RLPD,0,10000,3.5710034370422363,10
hopper-friction,2.0,RLPD,1,10000,3.173156261444092,10
hopper-friction,2.0,RLPD,2,10000,4.267544746398926,10
hopper-friction,5.0,BC_PAR,0,10000,7.817047595977783,10
hopper-friction,5.0,BC_PAR,1,10000,1.7467222213745117,10
hopper-friction,5.0,BC_PAR,2,10000,3.041835308074951,10
hopper-friction,5.0,BC_SAC,0,10000,7.623825550079346,10
hopper-friction,5.0,BC_SAC,1,10000,6.056379318237305,10
hopper-friction,5.0,BC_SAC,2,10000,2.844052791595459,10
hopper-friction,5.0,RLPD,0,10000,3.55936861038208,10
hopper-friction,5.0,RLPD,1,10000,6.413475036621094,10
hopper-friction,5.0,RLPD,2,10000,6.911920547485352,10
walker2d-friction,0.1,BC_PAR,0,10000,-0.44916948676109314,10
walker2d-friction,0.1,BC_PAR,1,10000,-0.1767342984676361,10
walker2d-friction,0.1,BC_PAR,2,10000,11.70986557006836,10
walker2d-friction,0.1,BC_SAC,0,10000,8.178080558776855,10
walker2d-friction,0.1,BC_SAC,1,10000,13.903913497924805,10
walker2d-friction,0.1,BC_SAC,2,10000,5.835312843322754,10
walker2d-friction,0.1,RLPD,0,10000,3.3143839836120605,10
walker2d-friction,0.1,RLPD,1,10000,4.809936046600342,10
walker2d-friction,0.1,RLPD,2,10000,4.499111652374268,10
walker2d-friction,0.5,BC_PAR,0,10000,13.71399974822998,10
walker2d-friction,0.5,BC_PAR,1,10000,-0.3355432450771332,10
walker2d-friction,0.5,BC_PAR,2,10000,9.418580055236816,10
walker2d-friction,0.5,BC_SAC,0,10000,10.162077903747559,10
walker2d-friction,0.5,BC_SAC,1,10000,12.087322235107422,10
walker2d-friction,0.5,BC_SAC,2,10000,21.267654418945312,10
walker2d-friction,0.5,RLPD,0,10000,3.4057857990264893,10
walker2d-friction,0.5,RLPD,1,10000,6.334094524383545,10
walker2d-friction,0.5,RLPD,2,10000,2.1485769748687744,10
walker2d-friction,2.0,BC_PAR,0,10000,0.654590904712677,10
walker2d-friction,2.0,BC_PAR,1,10000,-0.42398637533187866,10
walker2d-friction,2.0,BC_PAR,2,10000,2.448259115219116,10
walker2d-friction,2.0,BC_SAC,0,10000,6.784554958343506,10
walker2d-friction,2.0,BC_SAC,1,10000,7.63187837600708,10
walker2d-friction,2.0,BC_SAC,2,10000,7.736898899078369,10
walker2d-friction,2.0,RLPD,0,10000,4.03505277633667,10
walker2d-friction,2.0,RLPD,1,10000,3.755169153213501,10
walker2d-friction,2.0,RLPD,2,10000,0.7929555773735046,10
walker2d-friction,5.0,BC_PAR,0,10000,1.7204139232635498,10
walker2d-friction,5.0,BC_PAR,1,10000,1.3582960367202759,10
walker2d-friction,5.0,BC_PAR,2,10000,-0.2772425711154938,10
walker2d-friction,5.0,BC_SAC,0,10000,5.726159572601318,10
walker2d-friction,5.0,BC_SAC,1,10000,5.270842552185059,10
walker2d-friction,5.0,BC_SAC,2,10000,0.5329270958900452,10
walker2d-friction,5.0,RLPD,0,10000,0.9812135696411133,10
walker2d-friction,5.0,RLPD,1,10000,5.891135215759277,10
walker2d-friction,5.0,RLPD,2,10000,5.098791122436523,10
