environment,shift,algorithm,seed,post_adaptation_mean
ant-friction,0.1,BC_PAR,0,13.905184268951416
ant-friction,0.1,BC_PAR,1,14.217720031738281
ant-friction,0.1,BC_PAR,2,11.543360233306885
ant-friction,0.1,BC_SAC,0,20.26506503423055
ant-friction,0.1,BC_SAC,1,18.71600596110026
ant-friction,0.1,BC_SAC,2,24.664355278015137
ant-friction,0.1,RLPD,0,12.45027748743693
ant-friction,0.1,RLPD,1,8.049340724945068
ant-friction,0.1,RLPD,2,9.301638384660086
ant-friction,0.5,BC_PAR,0,11.34641663233439
ant-friction,0.5,BC_PAR,1,11.233206748962402
ant-friction,0.5,BC_PAR,2,7.504853169123332
ant-friction,0.5,BC_SAC,0,16.108917474746704
ant-friction,0.5,BC_SAC,1,15.95996061960856
ant-friction,0.5,BC_SAC,2,11.402942577997843
ant-friction,0.5,RLPD,0,6.7570273876190186
ant-friction,0.5,RLPD,1,3.4261942307154336
ant-friction,0.5,RLPD,2,8.35568610827128
ant-friction,2.0,BC_PAR,0,13.186687151590982
ant-friction,2.0,BC_PAR,1,13.33678968747457
ant-friction,2.0,BC_PAR,2,13.31648850440979
ant-friction,2.0,BC_SAC,0,8.237913449605307
ant-friction,2.0,BC_SAC,1,5.851172566413879
ant-friction,2.0,BC_SAC,2,3.6559667189915976
ant-friction,2.0,RLPD,0,4.281829995724062
ant-friction,2.0,RLPD,1,9.28291885058085
ant-friction,2.0,RLPD,2,3.76304558912913
ant-friction,5.0,BC_PAR,0,11.804009437561035
ant-friction,5.0,BC_PAR,1,14.070639053980509
ant-friction,5.0,BC_PAR,2,10.186766147613525
ant-friction,5.0,BC_SAC,0,7.155134757359822
ant-friction,5.0,BC_SAC,1,6.669543345769246
ant-friction,5.0,BC_SAC,2,7.272640943527222
ant-friction,5.0,RLPD,0,4.382153143485387
ant-friction,5.0,RLPD,1,7.022754192352295
ant-friction,5.0,RLPD,2,6.597695430119832
halfcheetah-friction,0.1,BC_PAR,0,0.9958107198278109
halfcheetah-friction,0.1,BC_PAR,1,1.1915649846196175
halfcheetah-friction,0.1,BC_PAR,2,1.3281758328278859
halfcheetah-friction,0.1,BC_SAC,0,1.5175972878932953
halfcheetah-friction,0.1,BC_SAC,1,1.16926168029507
halfcheetah-friction,0.1,BC_SAC,2,-0.2268302962183952
halfcheetah-friction,0.1,RLPD,0,0.37784332533677417
halfcheetah-friction,0.1,RLPD,1,0.5343789321680864
halfcheetah-friction,0.1,RLPD,2,-0.33467206358909607
halfcheetah-friction,0.5,BC_PAR,0,6.648079355557759
halfcheetah-friction,0.5,BC_PAR,1,8.671140184005102
halfcheetah-friction,0.5,BC_PAR,2,9.61976953347524
halfcheetah-friction,0.5,BC_SAC,0,30.955179850260418
halfcheetah-friction,0.5,BC_SAC,1,2.086426774660746
halfcheetah-friction,0.5,BC_SAC,2,7.270760789513588
halfcheetah-friction,0.5,RLPD,0,-0.08595264454682665
halfcheetah-friction,0.5,RLPD,1,3.9141536156336465
halfcheetah-friction,0.5,RLPD,2,9.247831414143244
halfcheetah-friction,2.0,BC_PAR,0,2.080294648806254
halfcheetah-friction,2.0,BC_PAR,1,2.2231764793395996
halfcheetah-friction,2.0,BC_PAR,2,1.8117617170015972
halfcheetah-friction,2.0,BC_SAC,0,7.329549590746562
halfcheetah-friction,2.0,BC_SAC,1,3.993701616923014
halfcheetah-friction,2.0,BC_SAC,2,4.995003739992778
halfcheetah-friction,2.0,RLPD,0,-0.813215896487236
halfcheetah-friction,2.0,RLPD,1,2.067431513220072
halfcheetah-friction,2.0,RLPD,2,3.849685937166214
halfcheetah-friction,5.0,BC_PAR,0,1.90220973889033
halfcheetah-friction,5.0,BC_PAR,1,1.8846924602985382
halfcheetah-friction,5.0,BC_PAR,2,1.8965706527233124
halfcheetah-friction,5.0,BC_SAC,0,4.501385713617007
halfcheetah-friction,5.0,BC_SAC,1,0.9004905618106326
halfcheetah-friction,5.0,BC_SAC,2,0.9361869220932325
halfcheetah-friction,5.0,RLPD,0,3.511585975686709
halfcheetah-friction,5.0,RLPD,1,4.017224431037903
halfcheetah-friction,5.0,RLPD,2,1.7436349789301555
hopper-friction,0.1,BC_PAR,0,7.08366322517395
hopper-friction,0.1,BC_PAR,1,4.121489922205607
hopper-friction,0.1,BC_PAR,2,4.5084556341171265
hopper-friction,0.1,BC_SAC,0,2.9671077330907187
hopper-friction,0.1,BC_SAC,1,12.87775985399882
hopper-friction,0.1,BC_SAC,2,5.718025167783101
hopper-friction,0.1,RLPD,0,2.9120657245318093
hopper-friction,0.1,RLPD,1,1.8696442047754924
hopper-friction,0.1,RLPD,2,4.605446497599284
hopper-friction,0.5,BC_PAR,0,7.08366322517395
hopper-friction,0.5,BC_PAR,1,4.121489922205607
hopper-friction,0.5,BC_PAR,2,4.5084556341171265
hopper-friction,0.5,BC_SAC,0,2.9671077330907187
hopper-friction,0.5,BC_SAC,1,12.87775985399882
hopper-friction,0.5,BC_SAC,2,5.718025167783101
hopper-friction,0.5,RLPD,0,2.9120657245318093
hopper-friction,0.5,RLPD,1,1.8696442047754924
hopper-friction,0.5,RLPD,2,4.605446497599284
hopper-friction,2.0,BC_PAR,0,7.544629732767741
hopper-friction,2.0,BC_PAR,1,7.838751554489136
hopper-friction,2.0,BC_PAR,2,7.636489629745483
hopper-friction,2.0,BC_SAC,0,5.47300906976064
hopper-friction,2.0,BC_SAC,1,8.091859976450602
hopper-friction,2.0,BC_SAC,2,9.558245023091635
hopper-friction,2.0,RLPD,0,6.339719374974568
hopper-friction,2.0,RLPD,1,4.127086917559306
hopper-friction,2.0,RLPD,2,4.0097736120224
hopper-friction,5.0,BC_PAR,0,5.445388615131378
hopper-friction,5.0,BC_PAR,1,3.933330456415812
hopper-friction,5.0,BC_PAR,2,3.6562459468841553
hopper-friction,5.0,BC_SAC,0,4.7155680656433105
hopper-friction,5.0,BC_SAC,1,7.4229251344998675
hopper-friction,5.0,BC_SAC,2,3.665325701236725
hopper-friction,5.0,RLPD,0,3.176696757475535
hopper-friction,5.0,RLPD,1,4.40527359644572
hopper-friction,5.0,RLPD,2,4.155271887779236
walker2d-friction,0.1,BC_PAR,0,7.010645285248756
walker2d-friction,0.1,BC_PAR,1,4.645272076129913
walker2d-friction,0.1,BC_PAR,2,8.386326757570108
walker2d-friction,0.1,BC_SAC,0,4.609749361872673
walker2d-friction,0.1,BC_SAC,1,11.265641848246256
walker2d-friction,0.1,BC_SAC,2,2.624946473787228
walker2d-friction,0.1,RLPD,0,4.570992112159729
walker2d-friction,0.1,RLPD,1,6.021527608235677
walker2d-friction,0.1,RLPD,2,4.109337866306305
walker2d-friction,0.5,BC_PAR,0,7.656095822652181
walker2d-friction,0.5,BC_PAR,1,4.685672094424565
walker2d-friction,0.5,BC_PAR,2,8.644089128822088
walker2d-friction,0.5,BC_SAC,0,8.547832171122232
walker2d-friction,0.5,BC_SAC,1,14.380323966344198
walker2d-friction,0.5,BC_SAC,2,5.709561804930369
walker2d-friction,0.5,RLPD,0,2.9023017436265945
walker2d-friction,0.5,RLPD,1,3.611941767235597
walker2d-friction,0.5,RLPD,2,6.301068027814229
walker2d-friction,2.0,BC_PAR,0,4.803714404503505
walker2d-friction,2.0,BC_PAR,1,4.1825143819053965
walker2d-friction,2.0,BC_PAR,2,1.785376305381457
walker2d-friction,2.0,BC_SAC,0,5.924269086370866
walker2d-friction,2.0,BC_SAC,1,3.213502831136187
walker2d-friction,2.0,BC_SAC,2,4.6696100036303205
walker2d-friction,2.0,RLPD,0,4.217591941356659
walker2d-friction,2.0,RLPD,1,1.716233750184377
walker2d-friction,2.0,RLPD,2,3.4410713016986847
walker2d-friction,5.0,BC_PAR,0,4.356705109278361
walker2d-friction,5.0,BC_PAR,1,3.269748453050852
walker2d-friction,5.0,BC_PAR,2,1.5301982595895727
walker2d-friction,5.0,BC_SAC,0,5.91737421353658
walker2d-friction,5.0,BC_SAC,1,3.177608698606491
walker2d-friction,5.0,BC_SAC,2,1.3590977440277736
walker2d-friction,5.0,RLPD,0,3.3497565388679504
walker2d-friction,5.0,RLPD,1,5.368910630544026
walker2d-friction,5.0,RLPD,2,4.966869451105595
