environment,shift,algorithm,mean,sd,median,min,max,n
ant-friction,0.1,BC_PAR,17.309683799743652,4.322149216058919,19.14167594909668,12.373261451721191,20.41411399841309,3
ant-friction,0.1,BC_SAC,19.841437657674152,10.500093505909584,13.955699920654297,13.604408264160156,31.964204788208008,3
ant-friction,0.1,RLPD,17.953969955444336,6.497247616525325,21.702407836914062,10.451595306396484,21.70790672302246,3
ant-friction,0.5,BC_PAR,8.891537030537924,2.9837172863600934,10.597769737243652,5.4462890625,10.630552291870115,3
ant-friction,0.5,BC_SAC,20.00036112467448,8.712972384732955,15.53941249847412,14.421172142028809,30.040498733520508,3
ant-friction,0.5,RLPD,6.0117396513621015,4.528725939281904,4.652504920959473,2.3182895183563232,11.064424514770508,3
ant-friction,2.0,BC_PAR,8.771645228068033,0.835383831256832,8.416632652282715,8.172401428222656,9.72590160369873,3
ant-friction,2.0,BC_SAC,3.381691455841065,7.720799065108812,4.633184432983398,-4.888403415679932,10.400293350219728,3
ant-friction,2.0,RLPD,5.9566473960876465,9.130534354080167,4.941750526428223,-2.6240363121032715,15.552227973937988,3
ant-friction,5.0,BC_PAR,7.293012301127116,1.304267835571297,6.565115928649902,6.515146255493164,8.798774719238281,3
ant-friction,5.0,BC_SAC,7.323344389597575,1.4649765830650352,6.654882431030273,6.311831951141357,9.003318786621094,3
ant-friction,5.0,RLPD,5.4813980261484785,2.1418785425289775,6.702109336853027,3.008237600326538,6.733847141265869,3
halfcheetah-friction,0.1,BC_PAR,0.6508291214704514,0.873497651513755,0.5520947575569153,-0.1691061705350875,1.5694987773895264,3
halfcheetah-friction,0.1,BC_SAC,1.4671006351709366,1.5628626852371095,1.490972876548767,-0.1075614243745803,3.017890453338623,3
halfcheetah-friction,0.1,RLPD,0.0667938490708669,0.863732514857141,0.3564588129520416,-0.9045400023460388,0.7484627366065979,3
halfcheetah-friction,0.5,BC_PAR,14.365397373835245,16.591262784056877,5.752632141113281,3.851685285568237,33.49187469482422,3
halfcheetah-friction,0.5,BC_SAC,19.3390607436498,29.776219874095872,3.193718910217285,1.1225851774215698,53.70087814331055,3
halfcheetah-friction,0.5,RLPD,7.109252522389094,10.146851924297877,2.9853787422180176,-0.3263814747333526,18.668760299682617,3
halfcheetah-friction,2.0,BC_PAR,1.5711326201756795,0.5436247127535552,1.5107053518295288,1.060246229171753,2.142446279525757,3
halfcheetah-friction,2.0,BC_SAC,5.375645637512207,1.243381311878399,4.911481857299805,4.431117534637451,6.784337520599365,3
halfcheetah-friction,2.0,RLPD,1.9860751628875732,3.935616623002319,3.419304609298706,-2.465304374694824,5.004225254058838,3
halfcheetah-friction,5.0,BC_PAR,1.2569153507550557,0.4689690413334751,1.1450541019439695,0.853991687297821,1.7717002630233765,3
halfcheetah-friction,5.0,BC_SAC,5.509958520531654,8.202792074534269,1.3291078805923462,0.2399379462003708,14.960829734802246,3
halfcheetah-friction,5.0,RLPD,3.400611241658529,1.1670960423730445,3.9644525051116943,2.058655023574829,4.178726196289063,3
hopper-friction,0.1,BC_PAR,6.555292050043742,3.329437175388954,7.934966087341309,2.757798910140991,8.973111152648926,3
hopper-friction,0.1,BC_SAC,6.922723690668742,7.659468677801533,2.787740707397461,2.219403028488159,15.761027336120604,3
hopper-friction,0.1,RLPD,4.705827236175537,4.434128149818403,2.295454263687134,1.9989721775054927,9.823055267333984,3
hopper-friction,0.5,BC_PAR,6.555292050043742,3.329437175388954,7.934966087341309,2.757798910140991,8.973111152648926,3
hopper-friction,0.5,BC_SAC,6.922723690668742,7.659468677801533,2.787740707397461,2.219403028488159,15.761027336120604,3
hopper-friction,0.5,RLPD,4.705827236175537,4.434128149818403,2.295454263687134,1.9989721775054927,9.823055267333984,3
hopper-friction,2.0,BC_PAR,9.444257736206055,0.4641636415584806,9.639522552490234,8.914361953735352,9.778888702392578,3
hopper-friction,2.0,BC_SAC,5.9826052983601885,4.245963940843621,5.84677791595459,1.8061847686767576,10.29485321044922,3
hopper-friction,2.0,RLPD,3.6705681482950845,0.5539461957587412,3.5710034370422363,3.173156261444092,4.267544746398926,3
hopper-friction,5.0,BC_PAR,4.201868375142415,3.197103388366655,3.041835308074951,1.7467222213745115,7.817047595977783,3
hopper-friction,5.0,BC_SAC,5.50808588663737,2.4366013566108617,6.056379318237305,2.844052791595459,7.623825550079346,3
hopper-friction,5.0,RLPD,5.628254731496175,1.8089580753652301,6.413475036621094,3.55936861038208,6.911920547485352,3
walker2d-friction,0.1,BC_PAR,3.6946539282798767,6.942713337013947,-0.1767342984676361,-0.4491694867610931,11.70986557006836,3
walker2d-friction,0.1,BC_SAC,9.305768966674805,4.150824013354664,8.178080558776855,5.835312843322754,13.903913497924805,3
walker2d-friction,0.1,RLPD,4.207810560862224,0.7891839061424195,4.499111652374268,3.3143839836120605,4.809936046600342,3
walker2d-friction,0.5,BC_PAR,7.599012186129888,7.1993426785305195,9.418580055236816,-0.3355432450771332,13.71399974822998,3
walker2d-friction,0.5,BC_SAC,14.505684852600098,5.934628526368983,12.087322235107422,10.16207790374756,21.267654418945312,3
walker2d-friction,0.5,RLPD,3.9628190994262695,2.147639136968717,3.4057857990264893,2.1485769748687744,6.334094524383545,3
walker2d-friction,2.0,BC_PAR,0.8929545481999716,1.450882993008063,0.654590904712677,-0.4239863753318786,2.448259115219116,3
walker2d-friction,2.0,BC_SAC,7.384444077809651,0.5221662037196038,7.63187837600708,6.784554958343506,7.736898899078369,3
walker2d-friction,2.0,RLPD,2.8610591689745584,1.7964890925964518,3.755169153213501,0.7929555773735046,4.03505277633667,3
walker2d-friction,5.0,BC_PAR,0.9338224629561106,1.0643266549804078,1.358296036720276,-0.2772425711154938,1.7204139232635498,3
walker2d-friction,5.0,BC_SAC,3.843309740225474,2.8759004392030167,5.270842552185059,0.5329270958900452,5.726159572601318,3
walker2d-friction,5.0,RLPD,3.990379969278971,2.6359560136861098,5.098791122436523,0.9812135696411132,5.891135215759277,3
