environment,shift,BC_PAR,BC_SAC,RLPD,BC_PAR_minus_BC_SAC,BC_PAR_minus_RLPD,best_algorithm
ant-friction,0.1,13.222088177998861,21.215142091115315,9.933752199014029,-7.993053913116453,3.2883359789848328,BC_SAC
ant-friction,0.5,10.028158850140041,14.490606890784369,6.179635908868577,-4.462448040644327,3.8485229412714643,BC_SAC
ant-friction,2.0,13.279988447825113,5.915017578336928,5.7759314784780145,7.364970869488185,7.504056969347099,BC_PAR
ant-friction,5.0,12.020471546385023,7.0324396822187625,6.000867588652504,4.988031864166261,6.019603957732519,BC_PAR
halfcheetah-friction,0.1,1.1718505124251049,0.8200095573233234,0.19251673130525482,0.3518409551017815,0.97933378111985,BC_PAR
halfcheetah-friction,0.5,8.312996357679367,13.437455804811584,4.358677461743355,-5.124459447132217,3.9543188959360123,BC_SAC
halfcheetah-friction,2.0,2.0384109483824835,5.439418315887451,1.7013005179663498,-3.4010073675049677,0.33711043041613364,BC_SAC
halfcheetah-friction,5.0,1.8944909506373937,2.1126877325069575,3.0908151285515886,-0.21819678186956382,-1.1963241779141949,RLPD
hopper-friction,0.1,5.237869593832229,7.187630918290879,3.129052142302195,-1.9497613244586507,2.1088174515300335,BC_SAC
hopper-friction,0.5,5.237869593832229,7.187630918290879,3.129052142302195,-1.9497613244586507,2.1088174515300335,BC_SAC
hopper-friction,2.0,7.673290305667454,7.707704689767625,4.825526634852092,-0.03441438410017117,2.847763670815362,BC_SAC
hopper-friction,5.0,4.344988339477115,5.267939633793301,3.9124140805668297,-0.9229512943161859,0.432574258910285,BC_SAC
walker2d-friction,0.1,6.680748039649593,6.166779227968719,4.900619195567237,0.5139688116808747,1.7801288440823564,BC_PAR
walker2d-friction,0.5,6.995285681966277,9.545905980798933,4.27177051289214,-2.550620298832656,2.723515169074137,BC_SAC
walker2d-friction,2.0,3.590535030596786,4.602460640379125,3.12496566441324,-1.0119256097823386,0.46556936618354605,BC_SAC
walker2d-friction,5.0,3.0522172739729285,3.484693552056948,4.5618455401725235,-0.43247627808401967,-1.509628266199595,RLPD
