environment,shift,algorithm,seed,auc_5000_10000,normalized_auc_5000_10000
ant-friction,0.1,BC_PAR,0,65888.38577270508,13.177677154541016
ant-friction,0.1,BC_PAR,1,67118.99375915527,13.423798751831054
ant-friction,0.1,BC_PAR,2,55073.37045669556,11.014674091339112
ant-friction,0.1,BC_SAC,0,100675.42028427124,20.135084056854247
ant-friction,0.1,BC_SAC,1,96530.78937530518,19.306157875061036
ant-friction,0.1,BC_SAC,2,126368.7686920166,25.27375373840332
ant-friction,0.1,RLPD,0,60889.755725860596,12.17795114517212
ant-friction,0.1,RLPD,1,42186.60354614258,8.437320709228516
ant-friction,0.1,RLPD,2,41350.58057308197,8.270116114616394
ant-friction,0.5,BC_PAR,0,55125.901222229004,11.025180244445801
ant-friction,0.5,BC_PAR,1,54449.267864227295,10.889853572845459
ant-friction,0.5,BC_PAR,2,34632.31039047241,6.926462078094483
ant-friction,0.5,BC_SAC,0,83866.91856384277,16.773383712768556
ant-friction,0.5,BC_SAC,1,76478.93953323364,15.295787906646728
ant-friction,0.5,BC_SAC,2,58120.16439437866,11.624032878875733
ant-friction,0.5,RLPD,0,34883.84032249451,6.976768064498901
ant-friction,0.5,RLPD,1,16882.651686668396,3.376530337333679
ant-friction,0.5,RLPD,2,43630.21492958069,8.726042985916138
ant-friction,2.0,BC_PAR,0,62269.72436904907,12.453944873809814
ant-friction,2.0,BC_PAR,1,63800.78983306885,12.76015796661377
ant-friction,2.0,BC_PAR,2,63761.45315170288,12.752290630340577
ant-friction,2.0,BC_SAC,0,40208.61577987671,8.041723155975342
ant-friction,2.0,BC_SAC,1,28285.93611717224,5.657187223434448
ant-friction,2.0,BC_SAC,2,20299.85237121582,4.059970474243164
ant-friction,2.0,RLPD,0,20303.504006937146,4.060700801387429
ant-friction,2.0,RLPD,1,44235.236167907715,8.847047233581543
ant-friction,2.0,RLPD,2,21077.133655548096,4.215426731109619
ant-friction,5.0,BC_PAR,0,54015.80810546875,10.80316162109375
ant-friction,5.0,BC_PAR,1,66495.10431289673,13.299020862579345
ant-friction,5.0,BC_PAR,2,44250.144481658936,8.850028896331787
ant-friction,5.0,BC_SAC,0,35666.42689704895,7.13328537940979
ant-friction,5.0,BC_SAC,1,33266.469955444336,6.6532939910888675
ant-friction,5.0,BC_SAC,2,36297.04475402832,7.259408950805664
ant-friction,5.0,RLPD,0,21322.363674640656,4.264472734928131
ant-friction,5.0,RLPD,1,35424.52120780945,7.0849042415618895
ant-friction,5.0,RLPD,2,33002.12216377258,6.600424432754517
halfcheetah-friction,0.1,BC_PAR,0,5726.472981274128,1.1452945962548255
halfcheetah-friction,0.1,BC_PAR,1,6033.248588442802,1.2066497176885604
halfcheetah-friction,0.1,BC_PAR,2,7359.259754419327,1.4718519508838654
halfcheetah-friction,0.1,BC_SAC,0,7115.038514137268,1.4230077028274537
halfcheetah-friction,0.1,BC_SAC,1,6233.204800635576,1.2466409601271153
halfcheetah-friction,0.1,BC_SAC,2,-1731.8790629506111,-0.34637581259012223
halfcheetah-friction,0.1,RLPD,0,1747.0242828130722,0.34940485656261444
halfcheetah-friction,0.1,RLPD,1,2790.311150252819,0.5580622300505638
halfcheetah-friction,0.1,RLPD,2,-1837.5290036201477,-0.36750580072402955
halfcheetah-friction,0.5,BC_PAR,0,35186.31374835968,7.037262749671936
halfcheetah-friction,0.5,BC_PAR,1,33459.703266620636,6.691940653324127
halfcheetah-friction,0.5,BC_PAR,2,53965.94536304474,10.793189072608948
halfcheetah-friction,0.5,BC_SAC,0,150083.24718475342,30.016649436950683
halfcheetah-friction,0.5,BC_SAC,1,8924.778819084167,1.7849557638168334
halfcheetah-friction,0.5,BC_SAC,2,34088.41386437416,6.817682772874832
halfcheetah-friction,0.5,RLPD,0,-843.260332942009,-0.1686520665884018
halfcheetah-friction,0.5,RLPD,1,21457.17990398407,4.291435980796814
halfcheetah-friction,0.5,RLPD,2,45105.7830452919,9.02115660905838
halfcheetah-friction,2.0,BC_PAR,0,10202.541589736938,2.0405083179473875
halfcheetah-friction,2.0,BC_PAR,1,11377.095878124237,2.2754191756248474
halfcheetah-friction,2.0,BC_PAR,2,9132.19690322876,1.826439380645752
halfcheetah-friction,2.0,BC_SAC,0,37659.640312194824,7.531928062438965
halfcheetah-friction,2.0,BC_SAC,1,20995.998740196228,4.199199748039246
halfcheetah-friction,2.0,BC_SAC,2,24481.30202293396,4.896260404586792
halfcheetah-friction,2.0,RLPD,0,-3247.8961050510406,-0.6495792210102082
halfcheetah-friction,2.0,RLPD,1,8628.55627387762,1.7257112547755242
halfcheetah-friction,2.0,RLPD,2,16583.99337530136,3.316798675060272
halfcheetah-friction,5.0,BC_PAR,0,9510.074734687805,1.9020149469375611
halfcheetah-friction,5.0,BC_PAR,1,9551.714152097702,1.9103428304195404
halfcheetah-friction,5.0,BC_PAR,2,9162.656426429749,1.8325312852859497
halfcheetah-friction,5.0,BC_SAC,0,19338.581904768944,3.8677163809537887
halfcheetah-friction,5.0,BC_SAC,1,3635.2587323635817,0.7270517464727163
halfcheetah-friction,5.0,BC_SAC,2,4515.554957091808,0.9031109914183617
halfcheetah-friction,5.0,RLPD,0,18991.970255970955,3.798394051194191
halfcheetah-friction,5.0,RLPD,1,20886.977195739746,4.177395439147949
halfcheetah-friction,5.0,RLPD,2,8560.67281961441,1.712134563922882
hopper-friction,0.1,BC_PAR,0,37285.50827503204,7.457101655006409
hopper-friction,0.1,BC_PAR,1,21450.44255256653,4.290088510513305
hopper-friction,0.1,BC_PAR,2,21285.882115364075,4.257176423072815
hopper-friction,0.1,BC_SAC,0,15388.150334358215,3.077630066871643
hopper-friction,0.1,BC_SAC,1,65383.397579193115,13.076679515838624
hopper-friction,0.1,BC_SAC,2,25016.00670814514,5.003201341629028
hopper-friction,0.1,RLPD,0,14830.603957176208,2.966120791435242
hopper-friction,0.1,RLPD,1,8865.386247634888,1.7730772495269775
hopper-friction,0.1,RLPD,2,21002.638697624207,4.2005277395248415
hopper-friction,0.5,BC_PAR,0,37285.50827503204,7.457101655006409
hopper-friction,0.5,BC_PAR,1,21450.44255256653,4.290088510513305
hopper-friction,0.5,BC_PAR,2,21285.882115364075,4.257176423072815
hopper-friction,0.5,BC_SAC,0,15388.150334358215,3.077630066871643
hopper-friction,0.5,BC_SAC,1,65383.397579193115,13.076679515838624
hopper-friction,0.5,BC_SAC,2,25016.00670814514,5.003201341629028
hopper-friction,0.5,RLPD,0,14830.603957176208,2.966120791435242
hopper-friction,0.5,RLPD,1,8865.386247634888,1.7730772495269775
hopper-friction,0.5,RLPD,2,21002.638697624207,4.2005277395248415
hopper-friction,2.0,BC_PAR,0,38670.63808441162,7.734127616882324
hopper-friction,2.0,BC_PAR,1,40281.1176776886,8.05622353553772
hopper-friction,2.0,BC_PAR,2,39748.4290599823,7.94968581199646
hopper-friction,2.0,BC_SAC,0,26256.85751438141,5.251371502876282
hopper-friction,2.0,BC_SAC,1,42677.515506744385,8.535503101348876
hopper-friction,2.0,BC_SAC,2,50329.66470718384,10.065932941436767
hopper-friction,2.0,RLPD,0,34260.7604265213,6.85215208530426
hopper-friction,2.0,RLPD,1,22051.57732963562,4.410315465927124
hopper-friction,2.0,RLPD,2,20442.060589790344,4.088412117958069
hopper-friction,5.0,BC_PAR,0,27910.809695720673,5.582161939144134
hopper-friction,5.0,BC_PAR,1,21288.870096206665,4.257774019241333
hopper-friction,5.0,BC_PAR,2,19372.83492088318,3.874566984176636
hopper-friction,5.0,BC_SAC,0,23120.147585868835,4.624029517173767
hopper-friction,5.0,BC_SAC,1,40960.78723669052,8.192157447338104
hopper-friction,5.0,BC_SAC,2,19134.88495349884,3.826976990699768
hopper-friction,5.0,RLPD,0,16295.940577983856,3.2591881155967712
hopper-friction,5.0,RLPD,1,22440.175473690033,4.488035094738007
hopper-friction,5.0,RLPD,2,20341.280937194824,4.068256187438965
walker2d-friction,0.1,BC_PAR,0,39479.27834093571,7.895855668187141
walker2d-friction,0.1,BC_PAR,1,27690.772011876106,5.538154402375222
walker2d-friction,0.1,BC_PAR,2,44518.43275874853,8.903686551749706
walker2d-friction,0.1,BC_SAC,0,19521.528512239456,3.9043057024478913
walker2d-friction,0.1,BC_SAC,1,56146.008014678955,11.229201602935792
walker2d-friction,0.1,BC_SAC,2,12791.88972339034,2.5583779446780683
walker2d-friction,0.1,RLPD,0,22844.833612442017,4.568966722488403
walker2d-friction,0.1,RLPD,1,30304.53848838806,6.060907697677612
walker2d-friction,0.1,RLPD,2,21681.09518289566,4.336219036579132
walker2d-friction,0.5,BC_PAR,0,35095.28160095215,7.01905632019043
walker2d-friction,0.5,BC_PAR,1,28215.124517679214,5.643024903535843
walker2d-friction,0.5,BC_PAR,2,47195.55803015828,9.439111606031656
walker2d-friction,0.5,BC_SAC,0,39819.47183609009,7.963894367218018
walker2d-friction,0.5,BC_SAC,1,74142.18139648438,14.828436279296875
walker2d-friction,0.5,BC_SAC,2,23731.249406933784,4.746249881386757
walker2d-friction,0.5,RLPD,0,11751.999467611313,2.3503998935222628
walker2d-friction,0.5,RLPD,1,14417.85903275013,2.8835718065500258
walker2d-friction,0.5,RLPD,2,35918.42645406723,7.183685290813446
walker2d-friction,2.0,BC_PAR,0,25153.341203927994,5.030668240785599
walker2d-friction,2.0,BC_PAR,1,25209.266640245914,5.041853328049183
walker2d-friction,2.0,BC_PAR,2,9527.559161186218,1.9055118322372437
walker2d-friction,2.0,BC_SAC,0,26430.7713881135,5.2861542776227
walker2d-friction,2.0,BC_SAC,1,14755.942206829786,2.9511884413659573
walker2d-friction,2.0,BC_SAC,2,24437.15077638626,4.8874301552772526
walker2d-friction,2.0,RLPD,0,21746.014714241028,4.349202942848206
walker2d-friction,2.0,RLPD,1,7475.067615509033,1.4950135231018067
walker2d-friction,2.0,RLPD,2,18049.452632665634,3.609890526533127
walker2d-friction,5.0,BC_PAR,0,22633.698105812073,4.526739621162415
walker2d-friction,5.0,BC_PAR,1,18887.480478733778,3.7774960957467556
walker2d-friction,5.0,BC_PAR,2,9364.274064078927,1.8728548128157854
walker2d-friction,5.0,BC_SAC,0,29519.020318984985,5.903804063796997
walker2d-friction,5.0,BC_SAC,1,16140.161484479904,3.228032296895981
walker2d-friction,5.0,BC_SAC,2,4704.110741615295,0.9408221483230591
walker2d-friction,5.0,RLPD,0,19033.20425748825,3.80664085149765
walker2d-friction,5.0,RLPD,1,26837.15867996216,5.367431735992431
walker2d-friction,5.0,RLPD,2,24513.614043593407,4.902722808718681
